"8ba06cf9-650b-4de1-b04c-9ada7f249407";"726101fb-643f-4e73-adbf-acdf1835f7ab";"OY996135";43;0
"663d2e5c-32f7-48e5-8a91-d64a70dbba61";"726101fb-643f-4e73-adbf-acdf1835f7ab";"OY996136";65;0
"270a3669-b108-4154-87d2-71ceb362e254";"726101fb-643f-4e73-adbf-acdf1835f7ab";"OY996133";113;0
"deebf4fb-fb66-40c7-8c8c-d702909129b2";"726101fb-643f-4e73-adbf-acdf1835f7ab";"OY983617";80;0
"7e047b39-cece-4884-a0b9-14b9fac4c049";"726101fb-643f-4e73-adbf-acdf1835f7ab";"OY995967";42;0
"51e0c481-2bdd-4154-aca3-74c7a8d6f92e";"726101fb-643f-4e73-adbf-acdf1835f7ab";"OY995968";62;0
"9fddb459-b073-4382-a688-f6981dca2119";"726101fb-643f-4e73-adbf-acdf1835f7ab";"OY995965";81;0
"71bd47ab-0d03-4c59-a5df-6aadf3de5488";"726101fb-643f-4e73-adbf-acdf1835f7ab";"OY995726";159;31
"c7c1bc12-c0d7-4329-86df-47d97c7d8f01";"726101fb-643f-4e73-adbf-acdf1835f7ab";"OY995725";56;0
"ab2d8c55-e528-454a-9513-637114dbb49d";"726101fb-643f-4e73-adbf-acdf1835f7ab";"OY995720";120;0
"e1b71225-edfb-4b4c-8f14-281841888057";"726101fb-643f-4e73-adbf-acdf1835f7ab";"OY996016";128;0
"43db18da-cd92-4a9d-87e5-a2be2b866931";"726101fb-643f-4e73-adbf-acdf1835f7ab";"OY995962";16;0
"bfd7e832-e2ff-49f0-bfe9-51252346023d";"726101fb-643f-4e73-adbf-acdf1835f7ab";"OY995728";153;0
"f87df441-a045-4137-86ac-d4b23536f0cb";"726101fb-643f-4e73-adbf-acdf1835f7ab";"OY994518";180;0
"963960d5-f86d-4b54-a187-e67a7a568e8b";"726101fb-643f-4e73-adbf-acdf1835f7ab";"OY979363";6;0
"3e8bb169-6437-429e-b5f5-4119cd5c2893";"726101fb-643f-4e73-adbf-acdf1835f7ab";"OY995969";111;0
"47e1b01b-ce6d-44d3-b45f-463c537ced9f";"726101fb-643f-4e73-adbf-acdf1835f7ab";"OY979362";79;0
"f843e5f1-f939-4f10-bdce-7d0cb73edb1f";"726101fb-643f-4e73-adbf-acdf1835f7ab";"OY989035";87;0
"cbc81960-9010-4d53-8200-ccefdcd009d1";"726101fb-643f-4e73-adbf-acdf1835f7ab";"OY996380";15;0
"800e727b-fd2b-4fd9-9680-189067e8ee4e";"726101fb-643f-4e73-adbf-acdf1835f7ab";"OY987892";75;0
"f6524257-efff-401e-9e8e-f7095fb41214";"726101fb-643f-4e73-adbf-acdf1835f7ab";"OY994744";54;0
"79ddaed2-e4d6-4ca7-901b-4122635c73bd";"726101fb-643f-4e73-adbf-acdf1835f7ab";"OY995952";205;14
"b715eb95-9fb8-4607-8530-0d17ffa60dd8";"726101fb-643f-4e73-adbf-acdf1835f7ab";"-";69131;9
"966f786b-795e-4d51-a5ea-27fbe33dc942";"726101fb-643f-4e73-adbf-acdf1835f7ab";"OY996126";37;0
"74136efa-30b2-46e6-a616-fe974ec45ef3";"726101fb-643f-4e73-adbf-acdf1835f7ab";"OY991475";35;0
"ca2cb552-eb3a-4872-86f6-f8ec4e579607";"726101fb-643f-4e73-adbf-acdf1835f7ab";"OY996248";127;0
"16d8f9a5-3478-430e-b121-fc2c3f4b3924";"726101fb-643f-4e73-adbf-acdf1835f7ab";"OY995951";139;0
"621acb37-ed39-453a-bc4e-cab0806794ad";"726101fb-643f-4e73-adbf-acdf1835f7ab";"OY983066";51;0
"3e9b9632-742a-4bb6-855f-9ff976160122";"726101fb-643f-4e73-adbf-acdf1835f7ab";"OY995958";148;0
"1192fdfa-06f8-4aa8-98f8-1324a95eee74";"726101fb-643f-4e73-adbf-acdf1835f7ab";"OY995718";110;0
"16c7ff3d-5cdd-4662-b520-b636271f06f1";"726101fb-643f-4e73-adbf-acdf1835f7ab";"OY995959";99;0
"827323e5-3967-4818-9ef3-486ad885eac3";"726101fb-643f-4e73-adbf-acdf1835f7ab";"OY980236";86;0
"f6125e66-9a35-4967-8fa0-81e46ed7bf32";"726101fb-643f-4e73-adbf-acdf1835f7ab";"OY983621";54;0
"baad4c79-fd88-480c-95da-f56414b23cc6";"726101fb-643f-4e73-adbf-acdf1835f7ab";"OY983622";282;0
"af1f8fa0-43aa-408b-8113-a8700e5c6b4d";"726101fb-643f-4e73-adbf-acdf1835f7ab";"OY987786";105;0
"675ad031-6318-46dd-8c2d-d5c4bd1ae81d";"726101fb-643f-4e73-adbf-acdf1835f7ab";"OY983620";133;0
"3e7d7d45-dbc8-442a-be2c-f2e0b28ae178";"726101fb-643f-4e73-adbf-acdf1835f7ab";"OY996276";53;0
"2ab55f3e-c31e-4bd6-a895-6f6d764a3ea7";"726101fb-643f-4e73-adbf-acdf1835f7ab";"OY995740";4;0
"6a785007-33d5-4921-8d74-6b2ef7764fe5";"726101fb-643f-4e73-adbf-acdf1835f7ab";"OY996156";28;0
"79be36e3-f348-4b71-9f50-08b8fe0526eb";"726101fb-643f-4e73-adbf-acdf1835f7ab";"OY996273";68;0
"982e17a7-a55a-46e6-9650-a25c72b0794d";"726101fb-643f-4e73-adbf-acdf1835f7ab";"OY996031";96;0
"67d74530-a11f-4d21-8550-ad8860fb4783";"726101fb-643f-4e73-adbf-acdf1835f7ab";"OY995746";40;0
"ae4e603a-3474-41da-94af-89f651cf3fe9";"726101fb-643f-4e73-adbf-acdf1835f7ab";"OY995983";17;0
"36dd7595-8ebb-46d1-bbc0-9dadb20933ec";"726101fb-643f-4e73-adbf-acdf1835f7ab";"ZABBIX";2601;0
"4a5eba10-ab62-4301-a491-6082c347a488";"726101fb-643f-4e73-adbf-acdf1835f7ab";"OY984046";52;0
"088ce8bd-0014-4bec-aa3c-8ad467b2fca6";"726101fb-643f-4e73-adbf-acdf1835f7ab";"OY995749";39;0
"ef0520eb-3189-47fb-baf9-aec34f0d0119";"726101fb-643f-4e73-adbf-acdf1835f7ab";"OY996280";166;0
"2033645d-c92a-49e8-8aa6-cc676561b979";"726101fb-643f-4e73-adbf-acdf1835f7ab";"OY980006";82;0
"2ec023c2-2456-4023-9656-9f7131591a35";"726101fb-643f-4e73-adbf-acdf1835f7ab";"OZ991914";714;0
"0e792783-ac87-4e84-95dc-eb20321dd253";"726101fb-643f-4e73-adbf-acdf1835f7ab";"OY995971";101;0
"a51bcb96-2b95-4655-b68e-a3db6301a68b";"726101fb-643f-4e73-adbf-acdf1835f7ab";"OY996023";71;0
"bed28dd0-6f3d-4273-93da-cbee31d18240";"726101fb-643f-4e73-adbf-acdf1835f7ab";"OY996143";37;0
"6f2d6974-c526-4a48-98da-00c93c4d0c03";"726101fb-643f-4e73-adbf-acdf1835f7ab";"OY983649";58;0
"7f66ea0e-7f72-4a4f-b39d-99bcabbf788a";"726101fb-643f-4e73-adbf-acdf1835f7ab";"OY996020";50;0
"193d44ce-cbe7-4182-93f6-0e4ad1cfdbe4";"726101fb-643f-4e73-adbf-acdf1835f7ab";"OY996141";12;0
"9c5daaad-6fd5-4997-83d6-de7c2fe9ef02";"726101fb-643f-4e73-adbf-acdf1835f7ab";"OY995735";76;0
"d633becb-99eb-45c1-b334-ce7524a2d23c";"726101fb-643f-4e73-adbf-acdf1835f7ab";"OY995737";51;0
"7bf7fb75-4fa3-449a-9c14-e8b9a0dc4572";"726101fb-643f-4e73-adbf-acdf1835f7ab";"OY995977";134;0
"66a15a98-73ed-4f0a-b396-e5c1cee7bb36";"726101fb-643f-4e73-adbf-acdf1835f7ab";"OY995733";78;0
"3d1ff61c-995c-4754-8433-e7c4daeb4a88";"726101fb-643f-4e73-adbf-acdf1835f7ab";"OY996028";25;0
"823aaa6f-19e3-427f-9cde-2f71d1ffd079";"726101fb-643f-4e73-adbf-acdf1835f7ab";"OY995738";80;0
"26ab9ded-cacc-4df3-93bd-defabac4f3dc";"726101fb-643f-4e73-adbf-acdf1835f7ab";"OY996271";94;0
"6b2e3764-05a5-4c60-a991-faa4f3c871e7";"726101fb-643f-4e73-adbf-acdf1835f7ab";"OY983648";22;0
"60968b3a-a5cc-464a-9fee-3756a3a8a520";"726101fb-643f-4e73-adbf-acdf1835f7ab";"OY981349";91;0
"d7479e03-f047-4f29-a97f-035c763978da";"726101fb-643f-4e73-adbf-acdf1835f7ab";"OY983403";44;0
"58a4ef10-fb70-456e-ac4a-c1472c73639f";"726101fb-643f-4e73-adbf-acdf1835f7ab";"LY78XZHR";1;0
"72dc2b73-26fe-4c02-b199-af9f1c831f4a";"726101fb-643f-4e73-adbf-acdf1835f7ab";"OY981347";71;0
"11f8a6e5-af35-4dc3-97dd-9b71f3c3f9b5";"726101fb-643f-4e73-adbf-acdf1835f7ab";"OY983404";109;1
"6b889399-7622-4e98-9a7c-9d5a02ef28ba";"726101fb-643f-4e73-adbf-acdf1835f7ab";"OY995089";61;0
"1ce22c7f-4fb8-4060-9913-deec2dd67f5d";"726101fb-643f-4e73-adbf-acdf1835f7ab";"OY996176";202;0
"a22252a0-a698-4a9a-8e0a-3e8274c4b4dd";"726101fb-643f-4e73-adbf-acdf1835f7ab";"OY978509";172;0
"0b64d976-f902-4957-ab6b-d72bbdf79ed2";"726101fb-643f-4e73-adbf-acdf1835f7ab";"OY996174";100;0
"1a0e8860-9bdf-454e-b6de-a5deb5a12704";"726101fb-643f-4e73-adbf-acdf1835f7ab";"OY995768";49;0
"8aeec766-1ff0-497c-9673-b67e87b3e629";"726101fb-643f-4e73-adbf-acdf1835f7ab";"OY979955";29;0
"35011e36-5e26-4e5e-bcb3-07dfd1c05d0d";"726101fb-643f-4e73-adbf-acdf1835f7ab";"OY979954";73;0
"da5da905-b76a-4342-b3f7-5f4c32741238";"726101fb-643f-4e73-adbf-acdf1835f7ab";"OY983650";34;0
"c1a85eb5-5fa3-47fc-b100-a6b9e9984364";"726101fb-643f-4e73-adbf-acdf1835f7ab";"OY981591";83;0
"96c74232-18d3-4014-91c8-556c1ea83079";"726101fb-643f-4e73-adbf-acdf1835f7ab";"OY984187";129;0
"7c3ccb34-6a9a-453c-b3ba-6c3d74c843de";"726101fb-643f-4e73-adbf-acdf1835f7ab";"OY981350";98;0
"7d498b8d-2677-431c-8160-77c44c73b1dd";"726101fb-643f-4e73-adbf-acdf1835f7ab";"OY996182";55;0
"2c804f64-9c90-4605-bdb4-89a86b6c3215";"726101fb-643f-4e73-adbf-acdf1835f7ab";"OY996060";90;0
"70735595-5bed-4934-9e4d-4703d85c0e7e";"726101fb-643f-4e73-adbf-acdf1835f7ab";"OY995751";36;0
"a58d2058-597f-4175-a99c-753f6f474992";"726101fb-643f-4e73-adbf-acdf1835f7ab";"OY996285";71;0
"be28b23b-213f-4f14-954e-d889ab31c50f";"726101fb-643f-4e73-adbf-acdf1835f7ab";"OY995757";114;0
"06328066-3bef-4ca6-8216-03ad0cdba885";"726101fb-643f-4e73-adbf-acdf1835f7ab";"OY995759";143;25
"fc4c5f34-1e52-46ac-84ea-6a34ace02dc4";"726101fb-643f-4e73-adbf-acdf1835f7ab";"OY995758";26;0
"5d85af21-a12d-494b-ac1b-bc446d4f8cea";"726101fb-643f-4e73-adbf-acdf1835f7ab";"OY984872";97;0
"a75738e6-0c7a-4cda-9aa4-a46995fcf5d9";"726101fb-643f-4e73-adbf-acdf1835f7ab";"OY979055";52;0
"c9a571b4-6985-49da-b8fc-60f411c278cf";"726101fb-643f-4e73-adbf-acdf1835f7ab";"OZ979999";1605;0
"1f6cdcbd-6667-45ef-b268-fdc6ce32faba";"726101fb-643f-4e73-adbf-acdf1835f7ab";"OY996172";79;0
"bfddfbeb-fbb6-461c-834a-32a855b9e19c";"726101fb-643f-4e73-adbf-acdf1835f7ab";"OY996051";24;0
"21c508bc-ad48-42b3-a58c-e2926aecf9be";"7e294fbc-6ea4-4525-b6f4-fcf5da9d1e7c";"OY979954";75;0
"0a720b64-9394-4431-a15e-4fccc8f2edd1";"7e294fbc-6ea4-4525-b6f4-fcf5da9d1e7c";"OY983650";50;0
"3c719ec2-9c92-45ec-a254-a2fd8b9b4fc9";"7e294fbc-6ea4-4525-b6f4-fcf5da9d1e7c";"OY981591";80;0
"9a921181-0304-4be5-b5c2-7b10c48b3058";"7e294fbc-6ea4-4525-b6f4-fcf5da9d1e7c";"OY981350";103;0
"ae031d5f-9c96-4dd7-9ae1-225dc3317ed4";"7e294fbc-6ea4-4525-b6f4-fcf5da9d1e7c";"OY984187";153;0
"6aa68921-e9e5-41e8-ba3a-03e07a523439";"7e294fbc-6ea4-4525-b6f4-fcf5da9d1e7c";"OY996182";55;0
"3d7ec905-4e12-4a5b-a93c-9e4fd8cc1af4";"7e294fbc-6ea4-4525-b6f4-fcf5da9d1e7c";"OY996060";96;0
"1cae33df-b7b1-4911-b00b-74b82c88a4cb";"7e294fbc-6ea4-4525-b6f4-fcf5da9d1e7c";"OY995751";37;0
"44a5788d-4fce-4b29-aee5-39a9b768072f";"7e294fbc-6ea4-4525-b6f4-fcf5da9d1e7c";"OY996285";73;0
"08957c56-670b-4c07-8b6a-a02702d382a7";"7e294fbc-6ea4-4525-b6f4-fcf5da9d1e7c";"OY995757";161;0
"6163f844-03a0-4208-a911-bf375fdba88e";"7e294fbc-6ea4-4525-b6f4-fcf5da9d1e7c";"OY995759";149;29
"0eb9b6c8-e9ec-4719-80a2-f37774d2aae4";"7e294fbc-6ea4-4525-b6f4-fcf5da9d1e7c";"OY995758";21;0
"c7e1730e-de2d-481f-9536-45c3d4a5e0da";"7e294fbc-6ea4-4525-b6f4-fcf5da9d1e7c";"OY984872";121;0
"abb289b4-9f22-4359-8a01-a2ce149855a3";"7e294fbc-6ea4-4525-b6f4-fcf5da9d1e7c";"OY979055";61;0
"8eb817ff-dd68-44f5-a987-8003b467d298";"7e294fbc-6ea4-4525-b6f4-fcf5da9d1e7c";"OZ979999";2136;0
"a4ddc340-2b20-4835-9c81-3bc550540836";"7e294fbc-6ea4-4525-b6f4-fcf5da9d1e7c";"OY996172";72;0
"9a03dfbe-48dc-458d-8e3d-d6080fb7f028";"7e294fbc-6ea4-4525-b6f4-fcf5da9d1e7c";"OY996051";37;0
"4aada1d9-aa63-417c-a603-293f28f1cd04";"7e294fbc-6ea4-4525-b6f4-fcf5da9d1e7c";"OY995083";98;0
"abb751ea-479d-4978-ba93-1c00c2b5fa7d";"7e294fbc-6ea4-4525-b6f4-fcf5da9d1e7c";"OY996079";216;4
"0a99d3f9-cd12-400f-ab01-3950e3750cbf";"7e294fbc-6ea4-4525-b6f4-fcf5da9d1e7c";"OY996197";82;0
"ca030977-e4e0-4558-bea3-736d04087382";"7e294fbc-6ea4-4525-b6f4-fcf5da9d1e7c";"OY987351";25;0
"0ddc7e94-f862-4e63-b3eb-f15e583c2a95";"7e294fbc-6ea4-4525-b6f4-fcf5da9d1e7c";"OY983679";61;0
"b21b8ba6-ff9b-48b6-821a-670effb78137";"7e294fbc-6ea4-4525-b6f4-fcf5da9d1e7c";"OY981134";52;0
"5663bbcc-edd4-43ce-af18-fe8d14227233";"7e294fbc-6ea4-4525-b6f4-fcf5da9d1e7c";"OY983677";69;0
"b5e0f977-136d-497f-997b-d71ef16fc49b";"7e294fbc-6ea4-4525-b6f4-fcf5da9d1e7c";"OY995770";64;0
"035697e5-8822-4709-b02d-9a36047f9974";"7e294fbc-6ea4-4525-b6f4-fcf5da9d1e7c";"OY996064";66;0
"9b981b3e-f3d2-4ab3-812f-95f235850c48";"7e294fbc-6ea4-4525-b6f4-fcf5da9d1e7c";"LY71OFXP";1;0
"5174ca41-0fea-4637-a1af-041f8167a1e6";"7e294fbc-6ea4-4525-b6f4-fcf5da9d1e7c";"OY995413";62;0
"b98aee2a-e7b3-4d26-b157-68a0fe87c620";"7e294fbc-6ea4-4525-b6f4-fcf5da9d1e7c";"OY996194";78;0
"7554dac6-0334-4e7d-9385-264cf23c521e";"7e294fbc-6ea4-4525-b6f4-fcf5da9d1e7c";"OY923191";81;0
"c97c59ae-5bab-485e-9141-050355ed8f7a";"7e294fbc-6ea4-4525-b6f4-fcf5da9d1e7c";"OY996070";26;0
"c851ca5d-c27d-42b7-ae4b-6664abac43f5";"7e294fbc-6ea4-4525-b6f4-fcf5da9d1e7c";"OY987488";112;0
"2a23996b-1a8a-49af-aa4e-5fbf75c76e54";"7e294fbc-6ea4-4525-b6f4-fcf5da9d1e7c";"OY981718";54;0
"e45aadbc-1e5c-412f-930a-ebd8f66ad70e";"7e294fbc-6ea4-4525-b6f4-fcf5da9d1e7c";"OY980509";17;0
"5f48466c-6491-452e-8a9c-98462228892b";"7e294fbc-6ea4-4525-b6f4-fcf5da9d1e7c";"OY995449";45;0
"e5b9aed5-0cab-47b0-a18e-bca4c4e5e287";"7e294fbc-6ea4-4525-b6f4-fcf5da9d1e7c";"OY991885";116;0
"7f65248d-ad69-43fd-99f8-aad0c1afd532";"7e294fbc-6ea4-4525-b6f4-fcf5da9d1e7c";"OY949551";64;0
"dda0bcf2-7cdc-47cb-a39d-6388f88b675f";"7e294fbc-6ea4-4525-b6f4-fcf5da9d1e7c";"OY979407";57;0
"48bd26cc-254b-4f79-b576-d89a7f3ef7d5";"7e294fbc-6ea4-4525-b6f4-fcf5da9d1e7c";"OY996088";259;0
"ae1af4d3-d39e-4e04-9d52-b58e6a6a39d4";"7e294fbc-6ea4-4525-b6f4-fcf5da9d1e7c";"OY981606";43;0
"62fd3d3b-20a1-4eed-9db6-7f16227291cd";"7e294fbc-6ea4-4525-b6f4-fcf5da9d1e7c";"CENTREON";1939;0
"0140e6f0-c883-499a-84a3-578203f8cd65";"7e294fbc-6ea4-4525-b6f4-fcf5da9d1e7c";"OY987151";45;0
"0e9a7d99-ac4e-4777-a77c-d00876278d23";"7e294fbc-6ea4-4525-b6f4-fcf5da9d1e7c";"OY996086";103;0
"3d916272-4a9a-447e-b922-ba7222e9c0ed";"7e294fbc-6ea4-4525-b6f4-fcf5da9d1e7c";"OY995312";52;0
"88526736-def5-4ede-8e32-91e0286a790a";"7e294fbc-6ea4-4525-b6f4-fcf5da9d1e7c";"OY978678";49;0
"4c2eba71-bb79-49df-b47d-88cf534c30f8";"7e294fbc-6ea4-4525-b6f4-fcf5da9d1e7c";"OY994347";71;0
"06041181-da0c-459d-9acf-95ab84db1c67";"7e294fbc-6ea4-4525-b6f4-fcf5da9d1e7c";"OY979766";114;0
"b0046925-1272-42e4-84a1-c59d96645517";"7e294fbc-6ea4-4525-b6f4-fcf5da9d1e7c";"OY979771";85;0
"fb181166-7920-43b3-8ad5-215184cbb4df";"7e294fbc-6ea4-4525-b6f4-fcf5da9d1e7c";"OY983581";144;0
"e918e0d9-a552-41db-a294-e665c4881068";"7e294fbc-6ea4-4525-b6f4-fcf5da9d1e7c";"OY996090";209;0
"df32411e-7690-4096-8833-fb8475d2ccd7";"7e294fbc-6ea4-4525-b6f4-fcf5da9d1e7c";"OY980647";101;0
"b9c8de2e-be05-4b46-9e3a-57e5d31b6c71";"7e294fbc-6ea4-4525-b6f4-fcf5da9d1e7c";"OY980646";71;0
"1a3437e9-5b17-477c-a5b6-e219dca55d1f";"7e294fbc-6ea4-4525-b6f4-fcf5da9d1e7c";"OY980528";68;0
"d53f1435-109d-4ae1-999a-1519583a0966";"7e294fbc-6ea4-4525-b6f4-fcf5da9d1e7c";"OY979774";126;0
"d5513f48-3b28-441c-8fa5-2aeafbfbca9c";"7e294fbc-6ea4-4525-b6f4-fcf5da9d1e7c";"OY995902";37;0
"4a41e7a0-d0f9-4a32-b52a-9a8e000a5db3";"7e294fbc-6ea4-4525-b6f4-fcf5da9d1e7c";"OY959449";25;0
"83ec623b-98e9-4972-8ab8-9fc740c8c38e";"7e294fbc-6ea4-4525-b6f4-fcf5da9d1e7c";"LU496NZT";123;0
"e8f25803-8fed-4118-900a-8111c9b58a66";"7e294fbc-6ea4-4525-b6f4-fcf5da9d1e7c";"OY996679";77;0
"acde41b2-0d9e-4047-9670-bae3c65026b9";"7e294fbc-6ea4-4525-b6f4-fcf5da9d1e7c";"OY996677";149;0
"e28993c5-7032-4485-bb41-e55ac89f39d4";"7e294fbc-6ea4-4525-b6f4-fcf5da9d1e7c";"OY995347";39;0
"56aae9ce-bed7-4c9c-8d34-bd3bbe759bb7";"7e294fbc-6ea4-4525-b6f4-fcf5da9d1e7c";"OY995907";95;0
"98956129-cb23-4234-bc18-3e953cc67ab9";"7e294fbc-6ea4-4525-b6f4-fcf5da9d1e7c";"OY981176";171;0
"d70e15b2-234d-49e2-aee1-0078b0b84d34";"7e294fbc-6ea4-4525-b6f4-fcf5da9d1e7c";"OY987714";19;0
"3ad680d5-28f2-4d17-8aad-36d962119077";"7e294fbc-6ea4-4525-b6f4-fcf5da9d1e7c";"OZ934278";533;0
"16314cec-bb00-461f-bbac-5203057a19a7";"7e294fbc-6ea4-4525-b6f4-fcf5da9d1e7c";"OY980081";21;0
"daded877-393b-4769-9e0e-ac33ec87c74e";"7e294fbc-6ea4-4525-b6f4-fcf5da9d1e7c";"OY995904";61;0
"e89e34ab-2295-436d-bcf4-c71072458b16";"7e294fbc-6ea4-4525-b6f4-fcf5da9d1e7c";"OY983598";39;0
"3341d0a9-b0b5-4c82-8d36-aa6abf33a163";"7e294fbc-6ea4-4525-b6f4-fcf5da9d1e7c";"OY960307";70;10
"4b28474c-f947-434f-8fad-866baaa95cb9";"7e294fbc-6ea4-4525-b6f4-fcf5da9d1e7c";"OY978459";23;0
"d0e3b770-ef76-4702-9c9e-5daf592f2e86";"7e294fbc-6ea4-4525-b6f4-fcf5da9d1e7c";"OY995334";22;0
"dffa73d1-7a51-46e7-b3af-b68d72fa3381";"7e294fbc-6ea4-4525-b6f4-fcf5da9d1e7c";"OZ991889";435;0
"c477e0f6-6fae-42bb-b9cf-786e390f2ed8";"7e294fbc-6ea4-4525-b6f4-fcf5da9d1e7c";"OZ991887";395;0
"91ba444f-4310-4ef8-837d-3dc0d26546c4";"7e294fbc-6ea4-4525-b6f4-fcf5da9d1e7c";"OY983127";34;0
"8778283d-0683-4706-a59e-f944da66cc3c";"7e294fbc-6ea4-4525-b6f4-fcf5da9d1e7c";"OY947463";30;0
"83fd001b-359e-47a6-b5a0-4577a930f073";"7e294fbc-6ea4-4525-b6f4-fcf5da9d1e7c";"OZ991890";416;0
"da94bb74-aad5-42cc-afc0-a5dd86114100";"7e294fbc-6ea4-4525-b6f4-fcf5da9d1e7c";"LY5NZTRX";156;0
"6654cdfe-bb56-48f2-a114-c8306b8b935a";"726101fb-643f-4e73-adbf-acdf1835f7ab";"OY995083";95;0
"04a7a34a-c0ca-43ea-b04a-727eba98d995";"726101fb-643f-4e73-adbf-acdf1835f7ab";"OY996079";178;0
"088aee4d-36d5-474f-a131-db296a8df5d4";"726101fb-643f-4e73-adbf-acdf1835f7ab";"OY996197";64;0
"b2ed538c-64b7-4af1-a063-17d2bedd3e16";"726101fb-643f-4e73-adbf-acdf1835f7ab";"OY987351";21;0
"04d41904-2884-4276-81aa-7c65cce53095";"726101fb-643f-4e73-adbf-acdf1835f7ab";"OY983679";47;0
"72fca3a4-d866-4353-9963-2cccfb8c7ceb";"726101fb-643f-4e73-adbf-acdf1835f7ab";"OY981134";50;0
"f43642f0-8474-4a98-ba1d-4ac1f29566a2";"726101fb-643f-4e73-adbf-acdf1835f7ab";"OY983677";72;0
"f7409408-05cf-4c54-87e1-07bd31fb7cb0";"726101fb-643f-4e73-adbf-acdf1835f7ab";"OY995770";69;0
"614fc4d3-4899-4cc1-97d6-dcce26c6d4d3";"726101fb-643f-4e73-adbf-acdf1835f7ab";"OY996064";121;0
"8ee49b15-93e3-46ab-aaa0-a3ce0b08915d";"726101fb-643f-4e73-adbf-acdf1835f7ab";"OY995413";69;0
"99a02c6b-4b24-4f8d-a1b0-974093ecfc5e";"726101fb-643f-4e73-adbf-acdf1835f7ab";"OY996194";47;0
"0d046651-b373-4022-a308-04c493bb380b";"726101fb-643f-4e73-adbf-acdf1835f7ab";"OY996070";28;0
"886aaba3-7a5e-4b9b-99cb-7cddec5e51ce";"726101fb-643f-4e73-adbf-acdf1835f7ab";"OY923191";68;0
"ed8efe58-e636-43dc-964f-36073a0b28f0";"726101fb-643f-4e73-adbf-acdf1835f7ab";"OY987488";95;0
"8d7c6fe0-6d8c-4bfe-8af0-8fa56f602d79";"726101fb-643f-4e73-adbf-acdf1835f7ab";"OY980509";48;0
"344dcff3-7bcb-4459-811e-32783ffd7ea6";"726101fb-643f-4e73-adbf-acdf1835f7ab";"OY981718";56;0
"249e0db3-e569-468d-9cfb-380aabc909ab";"726101fb-643f-4e73-adbf-acdf1835f7ab";"OY995449";60;0
"13ee7850-ff97-4690-9fed-517d18a436d0";"726101fb-643f-4e73-adbf-acdf1835f7ab";"OY991885";90;0
"3b6dae05-35ba-4911-84b8-b13ab3e0b5dd";"726101fb-643f-4e73-adbf-acdf1835f7ab";"OY949551";66;0
"fded2f15-8dff-4e4d-a602-60524c89a378";"726101fb-643f-4e73-adbf-acdf1835f7ab";"LY85XZIL";3;0
"c719e9ab-5911-44b2-b9ca-0b561b1b5da4";"726101fb-643f-4e73-adbf-acdf1835f7ab";"OY979407";22;0
"54817170-2195-40c7-8474-6b92f4b86641";"726101fb-643f-4e73-adbf-acdf1835f7ab";"OY996088";193;0
"ddd4ef76-00e5-4711-b6a9-01e4faa30d77";"726101fb-643f-4e73-adbf-acdf1835f7ab";"OY981606";36;0
"8985e2be-6cfe-434f-a35b-982f20acf69e";"726101fb-643f-4e73-adbf-acdf1835f7ab";"CENTREON";1939;0
"5c7920c6-24c3-404e-9bef-f044d63abbac";"726101fb-643f-4e73-adbf-acdf1835f7ab";"OY987151";45;0
"6fff2f26-d955-40b3-baa9-e5cf4ce9490a";"726101fb-643f-4e73-adbf-acdf1835f7ab";"OY996086";76;0
"191531d2-8a0a-4d39-895d-ee4ebbc71e92";"726101fb-643f-4e73-adbf-acdf1835f7ab";"OY995312";36;0
"61f07e13-33ff-4ac0-a283-6ebafbc8ad53";"726101fb-643f-4e73-adbf-acdf1835f7ab";"OY978678";42;0
"5ec94a21-c250-4ece-8b64-02717d1c196c";"726101fb-643f-4e73-adbf-acdf1835f7ab";"OY979766";114;0
"a4b322e1-3c10-46b9-86a7-65d1193b66f4";"726101fb-643f-4e73-adbf-acdf1835f7ab";"OY994347";72;0
"04df6b62-d6ab-4c82-af56-ccb4e5952aed";"726101fb-643f-4e73-adbf-acdf1835f7ab";"OY979771";102;0
"07aecd08-733b-43cf-92aa-af7a62137138";"726101fb-643f-4e73-adbf-acdf1835f7ab";"OY983581";126;0
"88c7259f-19c1-4321-a073-97f4baa7a0ab";"726101fb-643f-4e73-adbf-acdf1835f7ab";"LY65KZMZ";2;0
"a84219a0-88c6-416e-ae13-04ac2e1c0be5";"726101fb-643f-4e73-adbf-acdf1835f7ab";"OY996090";198;1
"538fbdac-2687-478b-9e8a-d9cdba4ffa2b";"726101fb-643f-4e73-adbf-acdf1835f7ab";"OY980647";86;0
"cb03359f-ccfa-4bae-b08e-0a1cab6b4457";"726101fb-643f-4e73-adbf-acdf1835f7ab";"OY980646";61;0
"6bf9a58e-1fa9-4d5e-a38e-ccb91f11dcf8";"726101fb-643f-4e73-adbf-acdf1835f7ab";"OY980528";47;0
"118252bb-3b77-43ce-b9c8-1f8a566a87b3";"726101fb-643f-4e73-adbf-acdf1835f7ab";"OY979774";101;0
"74b606ee-aeab-4e87-801b-94cfed919fbf";"726101fb-643f-4e73-adbf-acdf1835f7ab";"OY995902";41;0
"8ac4fd68-ea92-487b-abfd-02007f72be2d";"726101fb-643f-4e73-adbf-acdf1835f7ab";"OY959449";48;0
"6d7c574b-ff0d-40eb-8fbc-2bc06341c62f";"726101fb-643f-4e73-adbf-acdf1835f7ab";"LU496NZT";93;0
"cf8c0e9a-7d45-4e47-8ce7-a03ec3729f25";"726101fb-643f-4e73-adbf-acdf1835f7ab";"OY996679";58;0
"e8f54558-6c39-4897-927c-39c14391db84";"726101fb-643f-4e73-adbf-acdf1835f7ab";"OY995347";59;0
"a6ea9597-94bb-4187-a461-450cd3d79d8b";"726101fb-643f-4e73-adbf-acdf1835f7ab";"OY996677";104;0
"6a40b2e5-0449-40a4-bda9-72c07ea17044";"726101fb-643f-4e73-adbf-acdf1835f7ab";"OY981176";153;0
"5e400910-f856-40bc-bba6-13cb63c31f76";"726101fb-643f-4e73-adbf-acdf1835f7ab";"OY995907";69;0
"22474e8f-0cb2-4c94-b5f3-c8d14b14a5e2";"726101fb-643f-4e73-adbf-acdf1835f7ab";"OY987714";21;0
"c46d7ddd-c41c-40fb-85ec-9b9d6a97d26e";"726101fb-643f-4e73-adbf-acdf1835f7ab";"OZ934278";572;0
"4b661d70-6f39-4dd0-ab16-b541164a034b";"726101fb-643f-4e73-adbf-acdf1835f7ab";"OY980081";23;0
"1615c1ce-c37c-464b-b3db-584e155b159c";"726101fb-643f-4e73-adbf-acdf1835f7ab";"OY995904";44;0
"333a6ec0-7201-4561-91e1-d4f13a6509f3";"726101fb-643f-4e73-adbf-acdf1835f7ab";"OY983598";23;0
"e95f475d-ad9e-474c-8724-cf6ea3e244d2";"726101fb-643f-4e73-adbf-acdf1835f7ab";"OY960307";104;20
"5abf7a55-8346-4eb3-88fa-4e6a1c4a3cbf";"726101fb-643f-4e73-adbf-acdf1835f7ab";"OY978459";24;0
"991b8dec-e1bf-4975-b3f8-852a3565a36a";"726101fb-643f-4e73-adbf-acdf1835f7ab";"OY995334";31;0
"4b815051-426a-467e-aa90-8d9260a458a4";"726101fb-643f-4e73-adbf-acdf1835f7ab";"OZ991889";216;0
"44f688ed-f749-4b5d-bf58-4bfe689cdd60";"726101fb-643f-4e73-adbf-acdf1835f7ab";"OZ991887";389;0
"da777ea7-3492-4192-b942-dfb082bc127c";"726101fb-643f-4e73-adbf-acdf1835f7ab";"OY983127";49;0
"cfba0334-c6fe-4268-9d53-0225159b7ea0";"726101fb-643f-4e73-adbf-acdf1835f7ab";"OY947463";30;0
"056cc106-92b8-41e4-b0f6-badb96408789";"726101fb-643f-4e73-adbf-acdf1835f7ab";"OZ991890";294;0
"1f8b524b-454f-4200-beda-4483a8d6267f";"726101fb-643f-4e73-adbf-acdf1835f7ab";"LY5NZTRX";174;0
"8b4c0045-41a3-4b85-98cd-06d02970d7f7";"726101fb-643f-4e73-adbf-acdf1835f7ab";"OY988394";121;0
"a0dc5dcd-f675-4895-a2a8-a867e015d20b";"726101fb-643f-4e73-adbf-acdf1835f7ab";"OZ991895";278;0
"c5bbb485-104c-41ea-8a64-30fd60801d5c";"726101fb-643f-4e73-adbf-acdf1835f7ab";"OY995009";221;0
"859a1930-c95f-4812-8bb8-a4ea6c5b0f1e";"726101fb-643f-4e73-adbf-acdf1835f7ab";"OY960539";31;0
"f2a816b5-d0d8-4752-852d-84877e3f36b3";"726101fb-643f-4e73-adbf-acdf1835f7ab";"OY996699";13;0
"63a5ad75-4b11-49ce-ba4b-e40c7a42de32";"726101fb-643f-4e73-adbf-acdf1835f7ab";"OZ979364";1216;0
"a4342532-5d3c-49ec-99d1-b76e8fcb8698";"726101fb-643f-4e73-adbf-acdf1835f7ab";"OY959430";16;0
"985be181-77f7-480c-b59c-2c9f298a45e2";"726101fb-643f-4e73-adbf-acdf1835f7ab";"OY980787";83;0
"030a8278-8be9-400c-9ab7-b672d2e1de60";"726101fb-643f-4e73-adbf-acdf1835f7ab";"OY983136";20;0
"7c210fde-ec03-4483-ad27-04a11f82938e";"726101fb-643f-4e73-adbf-acdf1835f7ab";"OY996684";21;0
"ffe4202b-3f5a-4c72-8b5c-ed1868ed5d3b";"726101fb-643f-4e73-adbf-acdf1835f7ab";"OY996681";189;0
"de3e281c-46e4-4d6e-a94b-43adf3a1f874";"726101fb-643f-4e73-adbf-acdf1835f7ab";"OY992081";41;0
"15f5fb3b-b503-4723-8951-ae2ca95c2f36";"726101fb-643f-4e73-adbf-acdf1835f7ab";"OY996209";22;0
"e3a09c26-68d8-4013-9a4b-8a01fd5b5c2a";"726101fb-643f-4e73-adbf-acdf1835f7ab";"OY983023";89;0
"5909ca49-40f7-45fd-8fca-faff89ac4502";"726101fb-643f-4e73-adbf-acdf1835f7ab";"OY987507";112;0
"ac55dfe7-62ac-4629-b61e-67e6306da453";"726101fb-643f-4e73-adbf-acdf1835f7ab";"OY986539";19;0
"f27227d7-72d0-421a-9288-0238313e381b";"726101fb-643f-4e73-adbf-acdf1835f7ab";"OY996111";76;0
"a3f70bcb-abac-4c66-b9d1-e7bf55e47295";"7e294fbc-6ea4-4525-b6f4-fcf5da9d1e7c";"OY988394";122;0
"42d84fd4-be18-407c-a8db-627deb72735f";"7e294fbc-6ea4-4525-b6f4-fcf5da9d1e7c";"OY995009";316;3
"6605a593-ca74-4e9e-8024-656fddc79231";"7e294fbc-6ea4-4525-b6f4-fcf5da9d1e7c";"OY960539";44;1
"88049e9f-d718-424b-b7b7-2a4c558e97a8";"7e294fbc-6ea4-4525-b6f4-fcf5da9d1e7c";"OY996699";26;0
"3a0c9bfe-7536-4507-aa67-87752fdf4e34";"7e294fbc-6ea4-4525-b6f4-fcf5da9d1e7c";"OZ979364";965;0
"12783a40-0f5d-489c-aeb7-9341a1dcd7ec";"7e294fbc-6ea4-4525-b6f4-fcf5da9d1e7c";"OY959430";26;0
"c4e8a63d-aa83-408b-bd1d-04555b1af427";"7e294fbc-6ea4-4525-b6f4-fcf5da9d1e7c";"OY980787";81;0
"bc4cadf6-8134-4a64-b888-1ca42089ea94";"7e294fbc-6ea4-4525-b6f4-fcf5da9d1e7c";"OY983136";21;0
"7d989196-d1b0-4c39-beb3-e70c8815a8b2";"7e294fbc-6ea4-4525-b6f4-fcf5da9d1e7c";"OY996684";20;0
"33b75b84-fd2e-42ce-bb02-b61d87a95e27";"7e294fbc-6ea4-4525-b6f4-fcf5da9d1e7c";"OY996681";204;0
"e6ccc12e-8e0f-4e70-8275-7a6a04afd810";"7e294fbc-6ea4-4525-b6f4-fcf5da9d1e7c";"OY992081";36;0
"66d5d25e-c5b4-4602-97ad-28a588f694dd";"7e294fbc-6ea4-4525-b6f4-fcf5da9d1e7c";"OY996209";25;0
"1b87e09b-2132-44b4-aa5f-c6461c697655";"7e294fbc-6ea4-4525-b6f4-fcf5da9d1e7c";"OY983023";98;1
"e12d34ce-6208-44eb-8bb6-4e0ec234f377";"7e294fbc-6ea4-4525-b6f4-fcf5da9d1e7c";"OY986539";11;0
"97221bde-7f98-4fb5-9f91-cab5bc3ce09c";"7e294fbc-6ea4-4525-b6f4-fcf5da9d1e7c";"OY987507";125;0
"ccd9ac65-d16c-49ae-bec5-3c102440d8c8";"7e294fbc-6ea4-4525-b6f4-fcf5da9d1e7c";"OY996232";83;0
"c95b7617-7cab-4784-8c87-aebabf238378";"7e294fbc-6ea4-4525-b6f4-fcf5da9d1e7c";"OY996111";65;0
"36ba9a55-aba6-46bf-a819-bee46bf5b771";"7e294fbc-6ea4-4525-b6f4-fcf5da9d1e7c";"OY981417";34;0
"5dcd5952-fded-4d37-a641-fb2988e29f54";"7e294fbc-6ea4-4525-b6f4-fcf5da9d1e7c";"OY995822";85;0
"ddc18e28-ed67-4dd9-9eb4-21c96581f9f3";"7e294fbc-6ea4-4525-b6f4-fcf5da9d1e7c";"OY995824";31;0
"a3747a94-c9c5-4000-bf9d-da4aba895af9";"7e294fbc-6ea4-4525-b6f4-fcf5da9d1e7c";"OY996117";63;0
"b7d8deea-5856-409a-842b-aa2449bdf1b2";"7e294fbc-6ea4-4525-b6f4-fcf5da9d1e7c";"OY996237";70;0
"06624563-b311-4053-985f-71b6a6d6cd7c";"7e294fbc-6ea4-4525-b6f4-fcf5da9d1e7c";"OY995709";32;0
"49317180-cfec-49d5-bf40-6d0eb07112a5";"7e294fbc-6ea4-4525-b6f4-fcf5da9d1e7c";"LOAD_BALANCER";69122;0
"ea116455-a764-4c47-90c9-1c9c902c7929";"7e294fbc-6ea4-4525-b6f4-fcf5da9d1e7c";"OY995949";55;0
"146332a9-9a67-4579-8a3d-f1283acdbda7";"7e294fbc-6ea4-4525-b6f4-fcf5da9d1e7c";"OY995708";84;0
"3b6e9c8e-c98e-481d-8b38-1bde31f3e389";"7e294fbc-6ea4-4525-b6f4-fcf5da9d1e7c";"OY996102";37;0
"7e7d9fd5-8cf2-48a3-8b66-865d4d70f71d";"7e294fbc-6ea4-4525-b6f4-fcf5da9d1e7c";"OY995013";230;0
"f9930e78-5d4a-4d43-a608-11281b8f3a4d";"7e294fbc-6ea4-4525-b6f4-fcf5da9d1e7c";"OY991456";60;0
"6d48060a-c2f0-4927-9c43-3813618b465e";"7e294fbc-6ea4-4525-b6f4-fcf5da9d1e7c";"OY996109";116;0
"ee97fa56-9f08-4e09-b837-100542281d73";"7e294fbc-6ea4-4525-b6f4-fcf5da9d1e7c";"OY996107";36;0
"5d2c15a3-54e8-459a-a6c0-7ebd3229ba18";"7e294fbc-6ea4-4525-b6f4-fcf5da9d1e7c";"OY982870";84;0
"5fecb6cf-83bc-49a3-b682-1db91127ffc3";"7e294fbc-6ea4-4525-b6f4-fcf5da9d1e7c";"OY983043";270;0
"b13fdf55-8318-4f2b-ad58-d0196f718056";"7e294fbc-6ea4-4525-b6f4-fcf5da9d1e7c";"OY983041";41;0
"7ba27af9-ea35-4e53-a98b-9a64489123c5";"7e294fbc-6ea4-4525-b6f4-fcf5da9d1e7c";"OY983040";234;0
"c4ec1a63-d808-4aff-ac94-aee7cf07d4e0";"7e294fbc-6ea4-4525-b6f4-fcf5da9d1e7c";"OY987884";68;0
"770c3c01-72bf-44c3-b79b-7f37d2a7e0cb";"7e294fbc-6ea4-4525-b6f4-fcf5da9d1e7c";"OZ575161";301;0
"c512fe68-4d9b-4b36-8551-fbd6945b3d8c";"acf60f51-1891-4821-82c7-3b9f5a7cf1ca";"LY80YORG";7157;0
"a3b96a81-9301-49cf-8f8a-44dbe07ed586";"acf60f51-1891-4821-82c7-3b9f5a7cf1ca";"ZABBIX";2606;0
"ff324063-f3a2-4e31-b960-0430ce262170";"acf60f51-1891-4821-82c7-3b9f5a7cf1ca";"LU0YRMTL";23543;0
"9c27ffce-9dfe-47c0-b070-6a217da5eba7";"acf60f51-1891-4821-82c7-3b9f5a7cf1ca";"LZ2XZHRM";11803;0
"5134423e-c188-429a-97dd-df0adf6b356b";"acf60f51-1891-4821-82c7-3b9f5a7cf1ca";"LY88KZOO";1875;0
"0d7f9cfc-5e46-415f-bd88-eaec927d22c8";"acf60f51-1891-4821-82c7-3b9f5a7cf1ca";"LU558XRI";32797;0
"dc4e07f1-74a6-4e48-8b07-9fcad550e3d3";"acf60f51-1891-4821-82c7-3b9f5a7cf1ca";"LY517IVW";389;0
"0fa5a34f-dbcf-459b-a6e7-86d588364060";"acf60f51-1891-4821-82c7-3b9f5a7cf1ca";"LU82FMRY";173563;0
"9a31945a-00d9-42d1-9edc-956c824ae620";"acf60f51-1891-4821-82c7-3b9f5a7cf1ca";"LU677HGZ";80;0
"8ab3871e-3415-484a-82ec-7dd6e7f11a53";"acf60f51-1891-4821-82c7-3b9f5a7cf1ca";"LY477YVG";689;0
"a0c10dfa-a133-4f1f-84ee-87486ae9d623";"acf60f51-1891-4821-82c7-3b9f5a7cf1ca";"LY6MZKLO";26382;0
"ef69ff46-8c9d-4f0d-84bd-a910e86df800";"acf60f51-1891-4821-82c7-3b9f5a7cf1ca";"LU476NVI";41;0
"727a1d2f-18d4-472a-af0f-798c8919a28d";"acf60f51-1891-4821-82c7-3b9f5a7cf1ca";"LY8763DR";337;0
"c8ef4a4a-c993-46c3-86d4-c540a4f54dcb";"7e294fbc-6ea4-4525-b6f4-fcf5da9d1e7c";"OZ991895";355;0
"d16d413b-4704-4886-ba53-ebb5ba5ee878";"acf60f51-1891-4821-82c7-3b9f5a7cf1ca";"CENTREON";1654;0
"b6db40f6-7fe2-4cef-bbbb-f72517517e6c";"726101fb-643f-4e73-adbf-acdf1835f7ab";"OY996232";79;0
"3d070296-2f25-42a3-a2dd-862cfc3d6ef0";"726101fb-643f-4e73-adbf-acdf1835f7ab";"OY981417";44;0
"8dd78517-92dd-4c50-8ffb-7fdcbccf8c3e";"726101fb-643f-4e73-adbf-acdf1835f7ab";"OY995822";112;0
"2f4e61e8-0949-4c37-86e2-01a630722bcb";"726101fb-643f-4e73-adbf-acdf1835f7ab";"OY995824";42;0
"ce7e0a15-d8ca-47fc-9b66-d41711724d41";"726101fb-643f-4e73-adbf-acdf1835f7ab";"OY996117";72;0
"fb4f6922-f4c9-4d64-9c71-e7988ddbdb65";"7e294fbc-6ea4-4525-b6f4-fcf5da9d1e7c";"OY996135";39;0
"e300f44d-38fc-4416-bb80-098b46ce841d";"7e294fbc-6ea4-4525-b6f4-fcf5da9d1e7c";"OY996136";51;0
"ba04f1c6-0773-48e1-bd89-54405325767e";"7e294fbc-6ea4-4525-b6f4-fcf5da9d1e7c";"OY996133";134;0
"c7c0a4f0-65c8-427d-be73-589c778c917e";"7e294fbc-6ea4-4525-b6f4-fcf5da9d1e7c";"OY983617";60;0
"a3165ff1-f603-4bd6-8b1f-048cd6279965";"7e294fbc-6ea4-4525-b6f4-fcf5da9d1e7c";"OY995967";46;0
"fab1e924-7b0f-42e6-b3c5-86fb8e723311";"7e294fbc-6ea4-4525-b6f4-fcf5da9d1e7c";"OY995968";72;0
"4b1fda90-d206-4ff9-82fd-b8fcecc7dddb";"7e294fbc-6ea4-4525-b6f4-fcf5da9d1e7c";"OY995965";89;0
"bdb75379-1072-43e3-9ac5-d2136149ac50";"7e294fbc-6ea4-4525-b6f4-fcf5da9d1e7c";"OY995726";122;20
"00d37c48-ca1f-4edf-9d10-af537ac3e705";"7e294fbc-6ea4-4525-b6f4-fcf5da9d1e7c";"OY995725";68;0
"b9a9046a-98f7-4d49-acb5-c201b0de6afd";"7e294fbc-6ea4-4525-b6f4-fcf5da9d1e7c";"OY995720";114;0
"dc5e91cd-fc60-4f71-9cd6-488d0d683b00";"7e294fbc-6ea4-4525-b6f4-fcf5da9d1e7c";"OY996016";128;0
"acc0d8a3-fef9-4bfe-aa39-4ce710209cb0";"7e294fbc-6ea4-4525-b6f4-fcf5da9d1e7c";"OY995962";15;0
"a14eac15-b626-4bb4-b724-36a861c24eea";"7e294fbc-6ea4-4525-b6f4-fcf5da9d1e7c";"OY995728";134;0
"0dc871a9-6264-42e3-b750-7dca9a54f2fb";"7e294fbc-6ea4-4525-b6f4-fcf5da9d1e7c";"OY994518";234;0
"dd3b70a5-f970-43b1-a70e-f16089f6f1ca";"7e294fbc-6ea4-4525-b6f4-fcf5da9d1e7c";"OY979363";5;0
"e0e7d28c-8f53-43f4-8316-c659de4afc37";"7e294fbc-6ea4-4525-b6f4-fcf5da9d1e7c";"OY995969";136;0
"76454272-2f00-45cc-969a-b1679d6ce433";"7e294fbc-6ea4-4525-b6f4-fcf5da9d1e7c";"OY979362";106;0
"b308a536-0a9c-4896-982a-1a37e83b43e9";"7e294fbc-6ea4-4525-b6f4-fcf5da9d1e7c";"OY989035";124;0
"2bed291f-7fdd-405b-94ee-d885969d530e";"7e294fbc-6ea4-4525-b6f4-fcf5da9d1e7c";"OY996380";14;0
"8ae4d117-5ce2-4cb9-ab90-c037338f30ea";"7e294fbc-6ea4-4525-b6f4-fcf5da9d1e7c";"OY987892";54;0
"e545d13d-f971-4607-8048-fb83cfa05805";"7e294fbc-6ea4-4525-b6f4-fcf5da9d1e7c";"OY994744";45;0
"b4734df4-0819-4edd-995f-754e50f8926a";"7e294fbc-6ea4-4525-b6f4-fcf5da9d1e7c";"OY995952";243;6
"51e4039d-12e4-4440-bf83-a7138439fff5";"7e294fbc-6ea4-4525-b6f4-fcf5da9d1e7c";"-";69124;2
"d119221e-b72d-4d42-b67e-5ff4cc2e663a";"7e294fbc-6ea4-4525-b6f4-fcf5da9d1e7c";"OY991475";56;0
"11c56340-8957-447d-841c-c85e4cdcd10d";"7e294fbc-6ea4-4525-b6f4-fcf5da9d1e7c";"OY996126";52;0
"a6ab94ae-98a4-4e95-a736-d7055e76677a";"7e294fbc-6ea4-4525-b6f4-fcf5da9d1e7c";"OY996248";209;0
"6e66139f-2fcb-4b5a-975d-1d5bdac3af38";"7e294fbc-6ea4-4525-b6f4-fcf5da9d1e7c";"OY995951";141;0
"b3c4ffa2-29af-4cc1-8bf4-6c4c4a3b1b9e";"7e294fbc-6ea4-4525-b6f4-fcf5da9d1e7c";"OY983066";77;0
"d1cf996f-deb5-42dd-9202-c14583b2a6b0";"7e294fbc-6ea4-4525-b6f4-fcf5da9d1e7c";"OY995958";165;0
"cb82850e-2a78-4d24-8cc1-4a697ce827e7";"7e294fbc-6ea4-4525-b6f4-fcf5da9d1e7c";"OY995718";114;0
"33b48d99-3a3c-4ebc-a0a0-6ba5ee514263";"7e294fbc-6ea4-4525-b6f4-fcf5da9d1e7c";"OY995959";70;0
"5340d6f8-ae6b-47e1-9665-75aa5ebf6e60";"7e294fbc-6ea4-4525-b6f4-fcf5da9d1e7c";"OY980236";83;0
"b7902b3d-3f93-4d1b-857b-ccaee42b26fd";"7e294fbc-6ea4-4525-b6f4-fcf5da9d1e7c";"OY983621";55;0
"bc6a811f-8161-4aff-aee9-8ce6821d19e3";"7e294fbc-6ea4-4525-b6f4-fcf5da9d1e7c";"OY983622";284;0
"7e617776-d3d3-41a9-8fcb-6192e669a141";"7e294fbc-6ea4-4525-b6f4-fcf5da9d1e7c";"OY987786";108;0
"e8e2f878-7925-431f-9daf-9e8c40d5ae30";"7e294fbc-6ea4-4525-b6f4-fcf5da9d1e7c";"OY983620";154;0
"a8f72012-5352-4f52-acf9-bc1fe76efc49";"7e294fbc-6ea4-4525-b6f4-fcf5da9d1e7c";"OY996276";62;0
"3d943013-588b-4d39-96a8-e7b43c691743";"7e294fbc-6ea4-4525-b6f4-fcf5da9d1e7c";"OY996156";30;0
"949be6aa-f544-4c0d-97e4-aad23e31128f";"7e294fbc-6ea4-4525-b6f4-fcf5da9d1e7c";"OY996273";93;0
"fea81558-8fe0-4ed4-b15f-e6a508734c69";"7e294fbc-6ea4-4525-b6f4-fcf5da9d1e7c";"OY996031";117;0
"2554e185-5df6-4669-a463-2d185f6388ee";"7e294fbc-6ea4-4525-b6f4-fcf5da9d1e7c";"OY995746";39;0
"8bc03200-2ac0-4140-bdcf-1e3c9e0d4a40";"7e294fbc-6ea4-4525-b6f4-fcf5da9d1e7c";"OY995983";14;0
"9e143992-e960-4f5d-b040-248c2209af97";"7e294fbc-6ea4-4525-b6f4-fcf5da9d1e7c";"ZABBIX";2606;0
"e75d1d26-5fa5-4202-b71e-98a342ca1f1d";"7e294fbc-6ea4-4525-b6f4-fcf5da9d1e7c";"OY984046";51;0
"e22f9052-8490-48e2-8994-e92066b62c18";"7e294fbc-6ea4-4525-b6f4-fcf5da9d1e7c";"OY995749";44;0
"28aa9c8c-7b7d-460a-9456-9c901f64d1ba";"7e294fbc-6ea4-4525-b6f4-fcf5da9d1e7c";"OY996280";241;0
"d6b09c7d-ed43-45c9-abe3-9590c8512354";"7e294fbc-6ea4-4525-b6f4-fcf5da9d1e7c";"OY980006";102;0
"50cc1bcb-7329-413e-9f82-2f9d32b9a0d2";"7e294fbc-6ea4-4525-b6f4-fcf5da9d1e7c";"OZ991914";1008;0
"5cb3bd86-fc91-4990-b38e-9f743171f72d";"7e294fbc-6ea4-4525-b6f4-fcf5da9d1e7c";"OY995971";130;0
"822b04c6-378a-4bc5-94a0-774c58d3fc7a";"7e294fbc-6ea4-4525-b6f4-fcf5da9d1e7c";"OY996023";63;0
"f2df9674-c016-4661-a673-ef780104dfef";"7e294fbc-6ea4-4525-b6f4-fcf5da9d1e7c";"OY996143";28;0
"28ef9f10-97f5-4de2-a421-b22a4315226b";"7e294fbc-6ea4-4525-b6f4-fcf5da9d1e7c";"OY983649";105;0
"9c1d2e94-88de-4226-98ba-1e265a4c2d85";"7e294fbc-6ea4-4525-b6f4-fcf5da9d1e7c";"OY996141";15;0
"171e72f4-11ca-4385-9882-38cbe8a83985";"7e294fbc-6ea4-4525-b6f4-fcf5da9d1e7c";"OY996020";38;0
"d5d10bc8-75f0-41ce-a6fc-11d799fb6656";"7e294fbc-6ea4-4525-b6f4-fcf5da9d1e7c";"OY995735";59;0
"e159f8a7-30d6-4f87-ba84-e5a3f168ed35";"7e294fbc-6ea4-4525-b6f4-fcf5da9d1e7c";"OY995737";62;0
"626e490f-f968-4935-ab62-a06902e5f192";"7e294fbc-6ea4-4525-b6f4-fcf5da9d1e7c";"OY995977";176;0
"a110bf46-9a76-416a-8802-24fcbb497229";"7e294fbc-6ea4-4525-b6f4-fcf5da9d1e7c";"OY995733";82;0
"268917c5-e75b-4e93-8895-d5a8835a5037";"7e294fbc-6ea4-4525-b6f4-fcf5da9d1e7c";"OY996028";33;0
"f9f38b5e-d7c2-42d4-83a5-3919c0eda123";"7e294fbc-6ea4-4525-b6f4-fcf5da9d1e7c";"OY995738";73;1
"bac983f9-98ef-49b2-abb6-907776f43aad";"7e294fbc-6ea4-4525-b6f4-fcf5da9d1e7c";"OY996271";91;0
"c91f10d8-7020-4187-9f9a-b8061fb4193d";"7e294fbc-6ea4-4525-b6f4-fcf5da9d1e7c";"OY981349";1;0
"daba7b0e-047f-4548-93f5-48a2a5f04579";"7e294fbc-6ea4-4525-b6f4-fcf5da9d1e7c";"OY983648";18;0
"caf86935-6e5c-429d-8062-9202b4979b4b";"7e294fbc-6ea4-4525-b6f4-fcf5da9d1e7c";"OY983403";53;0
"e1e7a112-0ef4-4c1e-9d2a-480a6fe4ad66";"7e294fbc-6ea4-4525-b6f4-fcf5da9d1e7c";"OY981347";69;0
"ea1c0b4d-1022-46f8-9280-4c89719a0a4d";"7e294fbc-6ea4-4525-b6f4-fcf5da9d1e7c";"OY983404";56;0
"e6fddbc3-2338-4715-a6ce-62d91eea0dff";"7e294fbc-6ea4-4525-b6f4-fcf5da9d1e7c";"OY995089";43;0
"4cdf2b01-a51e-412b-8c87-48630401bff6";"7e294fbc-6ea4-4525-b6f4-fcf5da9d1e7c";"OY996176";243;0
"69c132b2-ad84-4afb-9e0e-9231d128cb63";"7e294fbc-6ea4-4525-b6f4-fcf5da9d1e7c";"OY978509";184;0
"e8cc0930-d002-40bf-8774-447482936a48";"7e294fbc-6ea4-4525-b6f4-fcf5da9d1e7c";"OY996174";106;0
"2e146a32-a72b-44c3-91c4-687cd3cc924c";"7e294fbc-6ea4-4525-b6f4-fcf5da9d1e7c";"OY995768";72;0
"34258daa-366a-430f-8ae7-5fc541f72bac";"7e294fbc-6ea4-4525-b6f4-fcf5da9d1e7c";"OY979955";19;0
"32bea7ca-9c4b-436c-9383-2f789d2181b3";"726101fb-643f-4e73-adbf-acdf1835f7ab";"OY996237";57;0
"f835f26b-d2f5-42a4-b61e-bab9e8f35c81";"726101fb-643f-4e73-adbf-acdf1835f7ab";"OY995709";32;0
"e64c01eb-4186-4f8d-82fc-2af4544993d2";"726101fb-643f-4e73-adbf-acdf1835f7ab";"LOAD_BALANCER";69122;0
"69889428-6c94-4df5-a4f7-5cceb53ed12a";"726101fb-643f-4e73-adbf-acdf1835f7ab";"OY995949";53;1
"8d950e6a-5bc4-458b-b005-51675711f5bb";"726101fb-643f-4e73-adbf-acdf1835f7ab";"OY995708";94;0
"2e14e8eb-dc53-4fe0-8db8-1cf682f1767a";"726101fb-643f-4e73-adbf-acdf1835f7ab";"OY996102";52;0
"e58025aa-2e47-474e-80af-51933e2d1a96";"726101fb-643f-4e73-adbf-acdf1835f7ab";"OY995013";191;0
"e014a2a6-b7a6-459e-a66a-af38ac121854";"726101fb-643f-4e73-adbf-acdf1835f7ab";"OY991456";52;0
"6f0d515b-ac98-4799-96da-b05f02930b39";"726101fb-643f-4e73-adbf-acdf1835f7ab";"OY996109";92;0
"3f2648a3-d80c-4410-953c-6b511b8a1fd9";"726101fb-643f-4e73-adbf-acdf1835f7ab";"OY996107";56;0
"1700d97b-a73a-4b7a-9af9-bd2db0f0e847";"726101fb-643f-4e73-adbf-acdf1835f7ab";"OY982870";87;0
"b0fa4b4e-a6bb-4188-a0d0-f129c1095451";"726101fb-643f-4e73-adbf-acdf1835f7ab";"OY983043";136;0
"6c917e9d-19f2-4a78-ba2b-c04a54ef6517";"726101fb-643f-4e73-adbf-acdf1835f7ab";"OY983041";47;0
"e7455bc0-5dbc-4c5d-9d80-a964a408f6b7";"726101fb-643f-4e73-adbf-acdf1835f7ab";"OY983040";181;0
"36d76b46-aa50-4070-bf6e-139b20a48893";"726101fb-643f-4e73-adbf-acdf1835f7ab";"OY987884";68;0
"2ffcb1db-1e4f-4415-8bf1-229ac8f3ab0e";"726101fb-643f-4e73-adbf-acdf1835f7ab";"OZ575161";181;0
"7e76e268-c3fa-4ae0-8395-18794501dfe8";"c769ee01-3126-4fc0-9d74-1b005b792fa4";"LY80YORG";7244;0
"d676e132-834f-4fab-ab66-112d907ccbb7";"c769ee01-3126-4fc0-9d74-1b005b792fa4";"LU878OZW";1;0
"8e1e0302-e419-4123-bbab-3165bd567494";"c769ee01-3126-4fc0-9d74-1b005b792fa4";"ZABBIX";2601;0
"7bdfd05d-246e-43ef-ad70-8271c8293245";"c769ee01-3126-4fc0-9d74-1b005b792fa4";"LU0YRMTL";17599;0
"32bf26f7-90f0-4b21-83e0-2d90dc3bd076";"c769ee01-3126-4fc0-9d74-1b005b792fa4";"LZ2XZHRM";12115;0
"70f334c9-27cf-4d00-afe6-4c641ac6f886";"c769ee01-3126-4fc0-9d74-1b005b792fa4";"LY88KZOO";2149;0
"4be1bd76-329a-4bd3-985d-229613aff8fd";"c769ee01-3126-4fc0-9d74-1b005b792fa4";"LU558XRI";33673;18
"657779e7-c98f-4ae7-8539-29554684beb3";"c769ee01-3126-4fc0-9d74-1b005b792fa4";"LY517IVW";391;0
"d803bf64-8a0c-463e-b7b9-d610bf185990";"c769ee01-3126-4fc0-9d74-1b005b792fa4";"LU82FMRY";140209;0
"0a78b5be-c5cd-4238-bac7-37a2bc7f0f1b";"c769ee01-3126-4fc0-9d74-1b005b792fa4";"CENTREON";1652;0
"b66e788a-449f-49d0-96c9-8ae84dc7ffee";"c769ee01-3126-4fc0-9d74-1b005b792fa4";"LU677HGZ";110;0
"ca5b24f5-2297-424d-8cb4-4897ceabfabd";"c769ee01-3126-4fc0-9d74-1b005b792fa4";"LY477YVG";715;0
"226918fe-e520-4801-b8b2-6f39902501d0";"c769ee01-3126-4fc0-9d74-1b005b792fa4";"LY6MZKLO";26394;0
"d8d73919-d5cc-4086-a54a-935a0b4dad2f";"c769ee01-3126-4fc0-9d74-1b005b792fa4";"LU476NVI";34;0
"b4466396-387b-4be8-9f47-43c5ed007a8b";"c769ee01-3126-4fc0-9d74-1b005b792fa4";"LY8763DR";456;6
"14d9308c-024f-402f-b7d2-a2f20fb8bb76";"e231070f-1675-4de9-889b-2d91965ee678";"OY996135";38;0
"bb5c66fe-5a39-4124-911d-558059e97789";"e231070f-1675-4de9-889b-2d91965ee678";"OY996136";36;0
"1ea152ad-451e-4075-9f44-7dd66a842d9b";"e231070f-1675-4de9-889b-2d91965ee678";"OY996133";103;0
"ea1309b0-5954-40d5-a8ea-a7f1468dfb64";"e231070f-1675-4de9-889b-2d91965ee678";"OY983617";65;0
"1f87be2a-de64-4217-aaca-1582fb29753a";"e231070f-1675-4de9-889b-2d91965ee678";"OY995967";53;0
"7d539ec5-6352-4692-a39c-039b60cd434c";"e231070f-1675-4de9-889b-2d91965ee678";"OY995968";63;0
"7a4cf718-47bc-47fb-80f9-948e6eb8da04";"e231070f-1675-4de9-889b-2d91965ee678";"OY995726";111;21
"ed82ac65-9bb7-4709-87c5-6700844bee4c";"e231070f-1675-4de9-889b-2d91965ee678";"OY995965";67;0
"b68f8e8b-8dda-4102-b20d-edcec96db2d1";"e231070f-1675-4de9-889b-2d91965ee678";"OY995725";52;0
"4736c307-4056-4c5b-9110-415f83052037";"e231070f-1675-4de9-889b-2d91965ee678";"OY995720";95;0
"9428883e-4362-4960-93e4-3fcaf2b28e71";"e231070f-1675-4de9-889b-2d91965ee678";"OY996016";109;0
"c0abea08-d707-41cf-bf16-67b79ceb8622";"e231070f-1675-4de9-889b-2d91965ee678";"OY995962";19;0
"993c0910-c34a-434c-92f1-80288387c2a2";"e231070f-1675-4de9-889b-2d91965ee678";"OY995728";118;0
"d424ad89-8c0e-4d3b-90a8-c28eaa8863e7";"e231070f-1675-4de9-889b-2d91965ee678";"OY994518";164;0
"c9172d3d-05ad-4133-a832-5b0ce401a987";"e231070f-1675-4de9-889b-2d91965ee678";"OY979363";9;0
"fafddc24-5842-4478-a48c-e3ac8f06607d";"e231070f-1675-4de9-889b-2d91965ee678";"OY979362";70;0
"19839b57-400b-403d-b23f-30a742290002";"e231070f-1675-4de9-889b-2d91965ee678";"OY995969";96;0
"e8edbeb6-6d3b-4a7d-b663-d2fb90765a1c";"e231070f-1675-4de9-889b-2d91965ee678";"OY989035";82;0
"fe375343-853e-49c1-ae53-9f8b91c4126c";"e231070f-1675-4de9-889b-2d91965ee678";"OY996380";21;0
"8bf536a6-2897-457d-b0cc-07fb8fac4181";"e231070f-1675-4de9-889b-2d91965ee678";"OY987892";123;0
"d1812bd0-e9c4-473d-8280-3eac7c774f48";"e231070f-1675-4de9-889b-2d91965ee678";"OY994744";49;0
"4cfdd7eb-895a-433d-ac84-9d3f39ba5a94";"e231070f-1675-4de9-889b-2d91965ee678";"OY995952";198;7
"00b9d781-b0b0-4332-bd6c-5c98bbd4f489";"e231070f-1675-4de9-889b-2d91965ee678";"-";69129;8
"3afd0010-e406-4afe-b406-5b59d2c2303f";"e231070f-1675-4de9-889b-2d91965ee678";"OY991475";79;0
"80809f47-3ad7-4cca-a94f-3edef7a94766";"e231070f-1675-4de9-889b-2d91965ee678";"OY996126";18;0
"d08b3f3c-d849-4b0c-8f17-07da406ee3cd";"e231070f-1675-4de9-889b-2d91965ee678";"OY995951";108;0
"8cc578e2-a167-43ab-a967-ded215fededb";"e231070f-1675-4de9-889b-2d91965ee678";"OY996248";105;0
"d8f045be-208d-4746-adb0-7ed80d8acb8f";"e231070f-1675-4de9-889b-2d91965ee678";"OY983066";26;0
"edf939f9-b070-45e7-823d-e8b4994a78b2";"e231070f-1675-4de9-889b-2d91965ee678";"OY995958";137;0
"a510114d-9e84-41e0-a1f0-346762f62398";"e231070f-1675-4de9-889b-2d91965ee678";"OY995718";79;0
"ca08b1c3-4f57-4ef2-8417-7bf555c8cb4c";"e231070f-1675-4de9-889b-2d91965ee678";"OY995959";101;0
"8584eb5e-1533-4e67-accb-dae37385d4d8";"e231070f-1675-4de9-889b-2d91965ee678";"OY980236";91;0
"a6dc3ce1-b6da-4990-9cbb-42147b05539d";"e231070f-1675-4de9-889b-2d91965ee678";"OY983621";42;0
"0ebb8b6f-bb43-4cd7-ac4e-67f577276817";"e231070f-1675-4de9-889b-2d91965ee678";"OY983622";222;0
"04620664-c279-4b96-8c23-3582ac11b271";"e231070f-1675-4de9-889b-2d91965ee678";"OY987786";101;0
"e6a0057e-f474-48e8-bcb1-2e1f0403e154";"e231070f-1675-4de9-889b-2d91965ee678";"OY983620";128;0
"5e05d8c1-d42c-4071-83c1-4438d5047c11";"e231070f-1675-4de9-889b-2d91965ee678";"OY996276";80;0
"6d173300-f4cf-4bd3-90b5-2bd462077bba";"e231070f-1675-4de9-889b-2d91965ee678";"OY996156";32;0
"7400c077-9389-46a2-8b64-495cf1fcaa4f";"e231070f-1675-4de9-889b-2d91965ee678";"OY996273";54;0
"bd4f5d1e-f392-4b53-8be5-66b5f9ec7719";"e231070f-1675-4de9-889b-2d91965ee678";"OY996031";91;0
"3955c5a7-e4a1-47e9-894d-86f23425f57f";"e231070f-1675-4de9-889b-2d91965ee678";"OY995746";39;0
"6d9d4cee-492f-4f31-b196-ad4a3a91083b";"e231070f-1675-4de9-889b-2d91965ee678";"OY995983";17;0
"2411630f-dbc5-41ea-b953-3b9940adb418";"e231070f-1675-4de9-889b-2d91965ee678";"ZABBIX";2609;0
"3098759a-3737-4de3-8354-970d22dfba59";"e231070f-1675-4de9-889b-2d91965ee678";"OY984046";50;0
"5280c8e0-0abe-48f4-b637-620b1d2c907e";"e231070f-1675-4de9-889b-2d91965ee678";"OY995749";27;0
"25459670-9f7e-4541-b09b-4f6657eeb95d";"e231070f-1675-4de9-889b-2d91965ee678";"OY980006";79;0
"fdaf38d1-83c2-48fe-ac94-75d8cf2ef9e9";"e231070f-1675-4de9-889b-2d91965ee678";"OY996280";151;0
"73bf31c8-7c47-47a9-a122-feda5e09251a";"e231070f-1675-4de9-889b-2d91965ee678";"OZ991914";474;0
"ba81b21d-509d-491a-bf05-abdd1fa5c239";"e231070f-1675-4de9-889b-2d91965ee678";"OY995971";95;0
"79debfea-1786-463e-8359-3da92799579b";"e231070f-1675-4de9-889b-2d91965ee678";"OY996023";84;0
"671e0ebd-1c4d-44ea-9a84-874568746289";"e231070f-1675-4de9-889b-2d91965ee678";"OY996143";20;0
"563276b2-9e35-48f7-b823-6d1c683b4f32";"e231070f-1675-4de9-889b-2d91965ee678";"OY983649";67;0
"52084b73-3d86-493b-858c-38b70f2bd3b5";"e231070f-1675-4de9-889b-2d91965ee678";"OY996020";31;0
"6c20d063-a334-466c-a4f0-fabdd87f1e93";"e231070f-1675-4de9-889b-2d91965ee678";"OY996141";24;0
"ba11a0b0-a1ac-4f2f-bcbd-a7a5b7f9fe36";"e231070f-1675-4de9-889b-2d91965ee678";"OY995735";57;0
"c37ca780-7961-4228-bb91-4b3a3cd9f920";"e231070f-1675-4de9-889b-2d91965ee678";"OY995737";52;0
"884a768a-cd85-4b9b-a154-fdd6c4410aa4";"e231070f-1675-4de9-889b-2d91965ee678";"OY995977";130;1
"57f4b3be-ee7e-49e3-b2f4-e4db8885bc8b";"e231070f-1675-4de9-889b-2d91965ee678";"OY995733";64;0
"18eee2e3-c32e-41ec-bd1f-63e02af31398";"e231070f-1675-4de9-889b-2d91965ee678";"OY996028";31;0
"f6a3ecd0-481e-40e7-b75c-90dd14bd5445";"e231070f-1675-4de9-889b-2d91965ee678";"OY995738";82;0
"237d9d23-effc-4c07-8470-a3a26a3f6985";"e231070f-1675-4de9-889b-2d91965ee678";"OY996271";89;0
"b153e3b8-0b51-4b6f-b77c-46807f7d3d1e";"e231070f-1675-4de9-889b-2d91965ee678";"OY983648";15;0
"af3b3d3f-98ec-43d8-84fc-8a68dc900e01";"e231070f-1675-4de9-889b-2d91965ee678";"OY983403";29;0
"14b3877d-dd74-4f0e-afe6-00e0fa04f6ef";"e231070f-1675-4de9-889b-2d91965ee678";"OY983404";44;0
"192ec177-c3ea-489c-a672-fce1a19e5cbc";"e231070f-1675-4de9-889b-2d91965ee678";"OY981347";51;0
"ed895ce3-5929-4fb4-ae25-5efc3ecdd8ed";"e231070f-1675-4de9-889b-2d91965ee678";"OY995089";33;0
"5c2aa33d-7600-413c-b27e-eeefd5af7953";"e231070f-1675-4de9-889b-2d91965ee678";"OY996059";1;0
"906a8cc6-d3fc-4078-88b5-07b7d48b8b73";"e231070f-1675-4de9-889b-2d91965ee678";"OY996176";196;0
"2d41c0c3-2a0d-4446-912c-1816865648d1";"e231070f-1675-4de9-889b-2d91965ee678";"OY978509";129;0
"692117a1-a7ba-428b-bc03-694e5151bdd5";"e231070f-1675-4de9-889b-2d91965ee678";"OY996174";89;0
"c583f3cc-58c0-4b7a-a32d-cedc8a68350e";"e231070f-1675-4de9-889b-2d91965ee678";"OY995768";29;0
"bcc68c4a-312d-441d-ae86-f79efc2dd451";"e231070f-1675-4de9-889b-2d91965ee678";"OY979955";25;0
"0cac4979-d635-48b6-959a-872729215eb6";"e231070f-1675-4de9-889b-2d91965ee678";"OY979954";42;0
"74d44e6d-a360-4cc9-901c-620a5191bd56";"e231070f-1675-4de9-889b-2d91965ee678";"OY983650";30;0
"fa96c0d3-ae5c-4e40-b1f6-4fd66e522106";"e231070f-1675-4de9-889b-2d91965ee678";"OY981591";59;0
"c5f8407d-3fdb-46a1-a3a6-99777e786865";"e231070f-1675-4de9-889b-2d91965ee678";"OY981350";61;0
"a6b55aed-4c76-4ec0-a0d4-7872c6f9d5dc";"e231070f-1675-4de9-889b-2d91965ee678";"OY984187";127;0
"8bf6c073-a2ef-41e8-ba18-076292a89f58";"e231070f-1675-4de9-889b-2d91965ee678";"OY996182";41;0
"aa52f48f-b8a0-4f71-8280-0c1b3262de7c";"e231070f-1675-4de9-889b-2d91965ee678";"OY996060";61;0
"3c2f45c7-f9cb-42f1-b720-22bd3723a925";"e231070f-1675-4de9-889b-2d91965ee678";"OY995751";20;0
"e61af43e-b369-4e72-8126-20c859090818";"e231070f-1675-4de9-889b-2d91965ee678";"OY996285";80;0
"f13aafae-8c7d-4c14-b9f4-e8fff6f65c54";"e231070f-1675-4de9-889b-2d91965ee678";"OY995757";94;0
"22fa803a-0cd4-4728-9ae8-abee5eebc6a6";"e231070f-1675-4de9-889b-2d91965ee678";"OY995759";129;28
"639375d1-5659-45d3-a66e-99380429ea71";"e231070f-1675-4de9-889b-2d91965ee678";"OY995758";17;0
"0957ecfa-3be7-4438-98a6-270db6d5f999";"e231070f-1675-4de9-889b-2d91965ee678";"OY984872";77;0
"1b7e7cab-8565-4d0b-989d-53c942316d23";"e231070f-1675-4de9-889b-2d91965ee678";"OY979055";40;0
"49e83674-5ac9-46d9-8c35-2f9672abb6e3";"e231070f-1675-4de9-889b-2d91965ee678";"OZ979999";1501;0
"d5f3da6d-5260-41dd-ad44-9f3e6f700cef";"e231070f-1675-4de9-889b-2d91965ee678";"OY996051";35;0
"0c4886cf-ea30-49dd-b656-c3fbc6a9b475";"e231070f-1675-4de9-889b-2d91965ee678";"OY996172";72;0
"9e5b62b0-3f68-4267-8ccf-f9aeedc2aca0";"e231070f-1675-4de9-889b-2d91965ee678";"OY995083";73;0
"b3e86ef2-dc09-46aa-98ee-f055cdc9abd7";"e231070f-1675-4de9-889b-2d91965ee678";"OY996079";140;0
"14baf243-9080-4fd2-b7f1-4a3553a71a51";"e231070f-1675-4de9-889b-2d91965ee678";"OY996197";49;0
"21c9fa05-d00b-4e3d-b5e5-9da3799c74a4";"e231070f-1675-4de9-889b-2d91965ee678";"OY987351";23;0
"6d7f2957-6f7e-4abc-b5f4-477fd4b348fe";"e231070f-1675-4de9-889b-2d91965ee678";"OY983679";44;0
"e359e941-fe05-45e2-afac-b0b3aa52b55f";"e231070f-1675-4de9-889b-2d91965ee678";"OY981134";33;0
"d25460a8-01f1-4fdc-aeee-44f5675f52d7";"e231070f-1675-4de9-889b-2d91965ee678";"OY983677";58;0
"449ccd8b-26e5-4a45-8cf7-a5e3602c3237";"e231070f-1675-4de9-889b-2d91965ee678";"OY995770";37;0
"e95723f5-374d-41fd-840b-c4253a29a365";"e231070f-1675-4de9-889b-2d91965ee678";"OY996064";53;0
"c919ce9f-7a12-4283-b0f8-3d9a86640445";"e231070f-1675-4de9-889b-2d91965ee678";"OY995413";46;0
"7adf0504-cef6-44f4-982d-fb9f11f43f53";"e231070f-1675-4de9-889b-2d91965ee678";"OY996194";42;0
"12a7432c-2370-4d55-8dc8-dc0ac66b6521";"e231070f-1675-4de9-889b-2d91965ee678";"OY996070";27;0
"f20303ee-382e-4920-84ed-4721756f3da9";"e231070f-1675-4de9-889b-2d91965ee678";"OY923191";64;0
"1aafb7fe-a067-4be6-b94a-0a2791c6d83a";"e231070f-1675-4de9-889b-2d91965ee678";"OY987488";96;0
"21be18db-291b-49df-81ec-b73e6a38ba22";"e231070f-1675-4de9-889b-2d91965ee678";"OY980509";42;0
"18bdb36d-586d-4bda-946e-f4c893d9bf13";"e231070f-1675-4de9-889b-2d91965ee678";"OY981718";37;0
"828cff93-f580-4d9f-bd8e-17f1d55d3368";"e231070f-1675-4de9-889b-2d91965ee678";"OY995449";40;0
"6911ac77-4244-4c7d-ab95-09c005baf2ae";"e231070f-1675-4de9-889b-2d91965ee678";"OY991885";89;0
"50aa1838-f6c7-4019-8446-7319a513a26e";"e231070f-1675-4de9-889b-2d91965ee678";"OY949551";51;0
"86c2e94e-6407-4bd1-9ec8-d331e4de075d";"e231070f-1675-4de9-889b-2d91965ee678";"OY979407";23;0
"44d6a58a-5d9f-4a73-b358-b0ec0b6dee3c";"e231070f-1675-4de9-889b-2d91965ee678";"OY981606";40;0
"35fb3afe-07a8-44d9-87ba-388246215025";"e231070f-1675-4de9-889b-2d91965ee678";"OY996088";186;0
"ac260411-8d83-4bdc-8e6a-ea3a098960ca";"e231070f-1675-4de9-889b-2d91965ee678";"CENTREON";1940;0
"39d2716f-d737-43b5-808b-3445ae0455b9";"e231070f-1675-4de9-889b-2d91965ee678";"OY987151";36;0
"a67bc73e-3f5e-4e67-b133-f238296bd123";"a2609f7b-e729-4fc0-a45c-26b45b8d9ede";"OY996135";36;0
"f8bbf0d6-e715-4528-bf09-df774cb4d65e";"a2609f7b-e729-4fc0-a45c-26b45b8d9ede";"OY996136";32;0
"90385e4a-0f63-4245-9c63-1da62f10ec32";"a2609f7b-e729-4fc0-a45c-26b45b8d9ede";"OY996133";102;0
"ea8f1a0f-6808-4ea8-9f59-f87e2607ae21";"a2609f7b-e729-4fc0-a45c-26b45b8d9ede";"OY983617";70;0
"6ad82584-79e4-4890-820d-37a9c1b98771";"a2609f7b-e729-4fc0-a45c-26b45b8d9ede";"OY995967";55;0
"5136da73-8af9-4458-8ebe-4bd02b7727bb";"a2609f7b-e729-4fc0-a45c-26b45b8d9ede";"OY995968";69;0
"b954559c-a979-4871-8669-0aaade894c96";"a2609f7b-e729-4fc0-a45c-26b45b8d9ede";"OY995965";62;0
"1f865e13-d44e-49be-930b-bcef8d4c4851";"a2609f7b-e729-4fc0-a45c-26b45b8d9ede";"OY995726";131;13
"38900dd7-ca93-4ba6-9f91-685283682d2f";"a2609f7b-e729-4fc0-a45c-26b45b8d9ede";"OY995725";59;0
"10d844d8-9fc2-4778-9367-7f1dc3dda992";"a2609f7b-e729-4fc0-a45c-26b45b8d9ede";"OY995720";114;0
"5952ce87-c5d8-4e16-a9a0-b637367312dc";"a2609f7b-e729-4fc0-a45c-26b45b8d9ede";"OY996016";95;0
"63c2777e-8ba9-47f5-bfeb-ba51e88240d7";"a2609f7b-e729-4fc0-a45c-26b45b8d9ede";"OY995962";16;0
"c27f92ae-edbc-4229-a56b-89724c1fdb7b";"a2609f7b-e729-4fc0-a45c-26b45b8d9ede";"OY994518";161;0
"1aea9893-b352-43db-94f1-ac1871689d59";"a2609f7b-e729-4fc0-a45c-26b45b8d9ede";"OY995728";132;0
"d9412fe5-8fd2-436f-912f-a1f68cd9d7cb";"a2609f7b-e729-4fc0-a45c-26b45b8d9ede";"OY979363";5;0
"0137cf54-0181-448b-b843-9cfe0c4600a4";"a2609f7b-e729-4fc0-a45c-26b45b8d9ede";"OY995969";109;0
"254f53ee-b31f-493b-8b5e-fba5e7f3b5c7";"a2609f7b-e729-4fc0-a45c-26b45b8d9ede";"OY979362";54;0
"13899262-3dc4-46f1-a59e-7200ac990a28";"a2609f7b-e729-4fc0-a45c-26b45b8d9ede";"OY989035";92;0
"d1d0346e-6d01-43a8-bf26-04b13a5e7583";"a2609f7b-e729-4fc0-a45c-26b45b8d9ede";"OY996380";10;0
"b07da9d9-f707-46d5-a484-449a57c6b8e8";"a2609f7b-e729-4fc0-a45c-26b45b8d9ede";"OY987892";40;0
"2166e2e4-4425-48cb-aef5-aae639d8f221";"a2609f7b-e729-4fc0-a45c-26b45b8d9ede";"OY994744";45;0
"6802d3aa-1130-4d5c-9896-4515d090b8ab";"a2609f7b-e729-4fc0-a45c-26b45b8d9ede";"OY995952";178;7
"9e7d132f-edc2-49fa-bd4c-148b34ca2c0d";"a2609f7b-e729-4fc0-a45c-26b45b8d9ede";"-";69131;10
"3fca1bed-6dab-4a68-b4a0-162749739d3d";"a2609f7b-e729-4fc0-a45c-26b45b8d9ede";"OY996126";29;0
"6cf4fd91-bdc9-4c0b-832c-a897f5ae7d52";"a2609f7b-e729-4fc0-a45c-26b45b8d9ede";"OY991475";30;0
"18c3edf9-11e4-46f1-b6f9-249020197261";"a2609f7b-e729-4fc0-a45c-26b45b8d9ede";"OY995951";120;0
"7546c9cc-d2a7-48dd-a8b5-746532a1b79a";"a2609f7b-e729-4fc0-a45c-26b45b8d9ede";"OY996248";115;0
"b4182712-bd6f-4c5d-ac8c-c46f967cd021";"a2609f7b-e729-4fc0-a45c-26b45b8d9ede";"OY983066";41;0
"252d465d-bf2c-423a-9f53-8d809692040c";"a2609f7b-e729-4fc0-a45c-26b45b8d9ede";"OY995958";113;0
"d0421fb3-a304-4497-bfc2-8669e6aa836f";"a2609f7b-e729-4fc0-a45c-26b45b8d9ede";"OY995718";87;0
"e7c6c7c9-5b3c-4472-8764-adaee3dfd54d";"a2609f7b-e729-4fc0-a45c-26b45b8d9ede";"OY995959";75;0
"9585da4f-c0d7-4a79-adb4-a463313cf4b5";"a2609f7b-e729-4fc0-a45c-26b45b8d9ede";"OY980236";77;0
"65df6593-c1b6-4aa0-95df-5f7ad4f44c15";"a2609f7b-e729-4fc0-a45c-26b45b8d9ede";"OY983621";34;0
"3f480367-7c54-4b47-a127-35b90fa87e46";"a2609f7b-e729-4fc0-a45c-26b45b8d9ede";"OY983622";232;0
"a57e816d-9150-4509-b97a-0be015d05093";"a2609f7b-e729-4fc0-a45c-26b45b8d9ede";"OY987786";71;0
"eaface59-cb6d-4744-9301-f84780a6e994";"a2609f7b-e729-4fc0-a45c-26b45b8d9ede";"OY983620";92;0
"67ab6157-377b-4ee8-9cbd-c46163d5490c";"a2609f7b-e729-4fc0-a45c-26b45b8d9ede";"OY996276";68;0
"1c05b731-dfcd-4474-a828-18b31fa1c071";"a2609f7b-e729-4fc0-a45c-26b45b8d9ede";"OY996156";26;0
"8cb14758-8cd7-41c7-a3ef-5cc6599367ad";"a2609f7b-e729-4fc0-a45c-26b45b8d9ede";"OY996031";85;0
"78d9e3ee-8442-4dc8-8a42-cbdef3d148ff";"a2609f7b-e729-4fc0-a45c-26b45b8d9ede";"OY996273";50;0
"bf5d47cf-99b7-42d4-b0d7-dde883f0ed8b";"a2609f7b-e729-4fc0-a45c-26b45b8d9ede";"OY995746";28;0
"021de092-1ed8-41ee-9736-12f0517566e4";"a2609f7b-e729-4fc0-a45c-26b45b8d9ede";"OY995983";20;0
"dad5199e-9a3b-4a15-9296-febaafdaf920";"a2609f7b-e729-4fc0-a45c-26b45b8d9ede";"ZABBIX";2608;0
"93c7d94a-044a-4ca7-af97-f90bb2afc5ba";"a2609f7b-e729-4fc0-a45c-26b45b8d9ede";"OY984046";27;0
"db9b6bb1-bd1a-4a02-b7da-d7b184b345ac";"a2609f7b-e729-4fc0-a45c-26b45b8d9ede";"OY995749";34;0
"d9dd3ad0-7bcd-4cfe-bd28-cdef2405347c";"a2609f7b-e729-4fc0-a45c-26b45b8d9ede";"OY980006";89;0
"f84f41cd-6854-4905-8ca3-b6e900db5fa3";"a2609f7b-e729-4fc0-a45c-26b45b8d9ede";"OY996280";146;0
"88c98082-e6b3-4897-8717-1cbf03ada437";"a2609f7b-e729-4fc0-a45c-26b45b8d9ede";"OZ991914";429;0
"01bb9059-9122-428c-924b-8b5cef06c084";"a2609f7b-e729-4fc0-a45c-26b45b8d9ede";"OY995971";90;0
"fa45ba4a-f87c-43dd-8805-88ebc9db958f";"a2609f7b-e729-4fc0-a45c-26b45b8d9ede";"OY996023";45;0
"c67942ca-7c75-4575-8c44-f83fa99dd04a";"a2609f7b-e729-4fc0-a45c-26b45b8d9ede";"OY996143";31;0
"f7d0c501-6e1d-417b-b834-9132e0f70395";"a2609f7b-e729-4fc0-a45c-26b45b8d9ede";"OY983649";52;0
"44cffa81-788a-4112-a777-8a493cdb191d";"a2609f7b-e729-4fc0-a45c-26b45b8d9ede";"OY996020";29;0
"63897739-0fc0-4dff-97d8-e5cceb4b06a8";"a2609f7b-e729-4fc0-a45c-26b45b8d9ede";"OY996141";17;0
"dc98385f-66fd-408a-98dd-c7e5dd6f56b3";"a2609f7b-e729-4fc0-a45c-26b45b8d9ede";"OY995735";71;0
"b44920bc-1edf-436a-ae98-eb29b6664d27";"a2609f7b-e729-4fc0-a45c-26b45b8d9ede";"OY995737";49;0
"919e2ac2-0df9-42f3-bb37-5354e7f33846";"a2609f7b-e729-4fc0-a45c-26b45b8d9ede";"OY995977";109;0
"8ef01d3b-dc1c-41db-aac6-8a700a15f7f2";"a2609f7b-e729-4fc0-a45c-26b45b8d9ede";"OY995733";61;0
"9036e86c-e64c-4146-b393-514e0a646212";"a2609f7b-e729-4fc0-a45c-26b45b8d9ede";"OY996028";36;0
"ca41e9b4-4826-4f1c-ae44-9d024d4647cc";"a2609f7b-e729-4fc0-a45c-26b45b8d9ede";"OY995738";68;0
"fe6a869a-e42f-46cf-a008-b3429538ca45";"a2609f7b-e729-4fc0-a45c-26b45b8d9ede";"OY996271";93;0
"0cf940df-293b-4ec2-ab89-ecb45e05244b";"a2609f7b-e729-4fc0-a45c-26b45b8d9ede";"OY983648";12;0
"ff7cccfa-70a4-47aa-87f6-9aa53cda0977";"a2609f7b-e729-4fc0-a45c-26b45b8d9ede";"OY981349";1;0
"c83a2941-3f15-415c-9229-6deab80e045a";"a2609f7b-e729-4fc0-a45c-26b45b8d9ede";"OY983403";20;0
"720b4ffa-58ef-401c-9616-3cfebeae8b2a";"a2609f7b-e729-4fc0-a45c-26b45b8d9ede";"OY981347";47;0
"1ed5eb6e-aa00-4589-b5f6-dce39e038d28";"a2609f7b-e729-4fc0-a45c-26b45b8d9ede";"OY983404";54;0
"afaf7be4-b9cb-4ce9-932d-60915110e800";"a2609f7b-e729-4fc0-a45c-26b45b8d9ede";"OY995089";28;0
"ee119e98-770a-43aa-bc63-39404e7fa2c0";"a2609f7b-e729-4fc0-a45c-26b45b8d9ede";"OY996176";216;0
"cf6fd1b6-700e-4316-8ae7-07be560ba4a0";"a2609f7b-e729-4fc0-a45c-26b45b8d9ede";"OY978509";116;0
"2a720869-3cc1-46af-9cff-1965273adf23";"a2609f7b-e729-4fc0-a45c-26b45b8d9ede";"OY996174";106;0
"4cf60041-2a4e-4773-b54c-07b2285a4081";"a2609f7b-e729-4fc0-a45c-26b45b8d9ede";"OY995768";38;0
"610ded45-ba32-43e7-a917-a844cf7e06a8";"a2609f7b-e729-4fc0-a45c-26b45b8d9ede";"OY979955";27;0
"7ef030ef-f536-4d3f-a5cf-516302db2528";"a2609f7b-e729-4fc0-a45c-26b45b8d9ede";"OY979954";40;0
"af3720ca-f59a-4390-bbd8-7ae351db1952";"a2609f7b-e729-4fc0-a45c-26b45b8d9ede";"OY983650";29;0
"e7e349a8-3e00-41b0-81cd-fb065a34cdaa";"a2609f7b-e729-4fc0-a45c-26b45b8d9ede";"OY981591";58;0
"f75fe161-d8fc-46b6-85a8-802ccd1925aa";"a2609f7b-e729-4fc0-a45c-26b45b8d9ede";"OY984187";90;0
"47711cba-a1d1-48bc-a046-5380be5091fc";"a2609f7b-e729-4fc0-a45c-26b45b8d9ede";"OY981350";76;0
"d89c54c6-4ecb-4d43-b73e-32e9083273a7";"e231070f-1675-4de9-889b-2d91965ee678";"OY996086";75;0
"26802bac-ed89-4371-8704-bea137d526da";"e231070f-1675-4de9-889b-2d91965ee678";"OY978678";50;0
"e046fc0e-e418-45b8-9889-c62557e94c97";"e231070f-1675-4de9-889b-2d91965ee678";"OY995312";27;0
"8eb6d1e1-f440-40ca-9c20-ee456b990ea5";"e231070f-1675-4de9-889b-2d91965ee678";"OY994347";77;0
"af92af26-9974-4bfd-896b-b264ba0f2fc3";"e231070f-1675-4de9-889b-2d91965ee678";"OY979766";92;0
"362ea2ff-28ca-4ce9-9bd3-85ab338ddc04";"e231070f-1675-4de9-889b-2d91965ee678";"OY979771";72;0
"ee94a1c2-2ea6-447e-97dc-c97a3345632d";"e231070f-1675-4de9-889b-2d91965ee678";"OY983581";86;0
"a6fc8ba6-d8ce-4b59-8847-165892297c3d";"e231070f-1675-4de9-889b-2d91965ee678";"OY996090";201;0
"fcbe2932-c3c3-449c-bff1-97b8fef8f6bc";"e231070f-1675-4de9-889b-2d91965ee678";"OY980647";81;0
"c99f7ea4-1280-4ea8-b1c0-ddaf0b75f4d3";"e231070f-1675-4de9-889b-2d91965ee678";"OY980646";52;0
"883e7780-a766-416a-8b07-2b51ba53322e";"e231070f-1675-4de9-889b-2d91965ee678";"OY980528";51;0
"06641a9d-d209-413e-9456-15edfa4867ca";"e231070f-1675-4de9-889b-2d91965ee678";"OY979774";104;0
"bd1e815a-8443-4aca-8494-e1b39d4ebeaf";"e231070f-1675-4de9-889b-2d91965ee678";"OY995902";38;0
"1b28e0d2-fcfc-49c7-a7b7-65641d14de4d";"e231070f-1675-4de9-889b-2d91965ee678";"OY959449";46;0
"b011afba-517e-4064-8887-9f86b0b9d131";"e231070f-1675-4de9-889b-2d91965ee678";"LU496NZT";109;0
"edd7a7cb-8685-43fb-b6d1-da03a56bb577";"e231070f-1675-4de9-889b-2d91965ee678";"OY996679";47;0
"4cc5a0cd-bb72-47a2-abbf-478ae325adc0";"e231070f-1675-4de9-889b-2d91965ee678";"OY996677";95;0
"efef87a8-cc7a-414c-8d73-3509bd15bd3c";"e231070f-1675-4de9-889b-2d91965ee678";"OY995347";39;0
"3877bfe6-7b24-4ff6-b59a-9ed02d9f5c8d";"e231070f-1675-4de9-889b-2d91965ee678";"OY995907";85;0
"cfff2a47-7057-40eb-8901-7202c04828ac";"e231070f-1675-4de9-889b-2d91965ee678";"OY981176";127;0
"b5f96d2e-e92b-4159-8792-ef5586e7c5ba";"e231070f-1675-4de9-889b-2d91965ee678";"OY987714";20;0
"c348c3f2-197c-4fa7-a53d-ff9e3b4a3b6a";"e231070f-1675-4de9-889b-2d91965ee678";"OZ934278";236;0
"bb0af23a-4781-4d23-b50e-3b4a1b98613e";"e231070f-1675-4de9-889b-2d91965ee678";"OY980081";31;0
"0870f0bc-5749-43a3-bf50-d7af16f4ce20";"e231070f-1675-4de9-889b-2d91965ee678";"OY995904";46;0
"eda27df4-8ae0-40b1-a255-a79c87ae54ee";"e231070f-1675-4de9-889b-2d91965ee678";"OY983598";23;0
"f4b5b81c-96da-491d-8661-45fcfad0fcde";"e231070f-1675-4de9-889b-2d91965ee678";"OY960307";90;12
"ab046d27-a5b2-4c02-86c0-f3903f51ea4c";"e231070f-1675-4de9-889b-2d91965ee678";"OY978459";25;0
"c07e57a3-cdab-45f8-949e-825b7e7c25d0";"e231070f-1675-4de9-889b-2d91965ee678";"OY995334";27;0
"30deccf7-ce24-4e9e-ab5d-86fb3098f164";"e231070f-1675-4de9-889b-2d91965ee678";"OZ991889";222;0
"043d2e9f-32ef-46ce-b7e0-364b6714d90a";"e231070f-1675-4de9-889b-2d91965ee678";"OZ991887";230;0
"d9949d70-ac53-4cfb-b46a-206824320142";"e231070f-1675-4de9-889b-2d91965ee678";"OY983127";29;0
"8bff2a30-4b3b-4109-aa94-bc645b6c95d0";"e231070f-1675-4de9-889b-2d91965ee678";"OY947463";27;0
"2d1303ff-799a-4494-ad33-5da2dd9fedaf";"e231070f-1675-4de9-889b-2d91965ee678";"OZ991890";249;0
"26a23111-20d2-47ee-bbcb-40e39b60380c";"e231070f-1675-4de9-889b-2d91965ee678";"LY5NZTRX";232;0
"ac124eb8-7d88-44ab-b564-c338a3406e6e";"e231070f-1675-4de9-889b-2d91965ee678";"OY988394";101;0
"293be822-959e-47e1-bd3f-14710a9f09d2";"e231070f-1675-4de9-889b-2d91965ee678";"OZ991895";174;0
"83d3ed97-a921-4fbd-bf68-34f851759a83";"e231070f-1675-4de9-889b-2d91965ee678";"OY995009";227;0
"28acea91-5de4-4e9c-b53e-1148404368a3";"e231070f-1675-4de9-889b-2d91965ee678";"OY960539";28;0
"a9ff4f56-a0d4-46d5-83ba-f6198c86c55b";"e231070f-1675-4de9-889b-2d91965ee678";"OY996699";21;0
"5c2afdb4-eebf-4071-98af-f3635b7000ea";"e231070f-1675-4de9-889b-2d91965ee678";"OZ979364";429;0
"d7f32630-239f-42d5-b796-623ed0ee51eb";"e231070f-1675-4de9-889b-2d91965ee678";"OY959430";19;0
"45680a8c-26ea-4c2a-9102-e3a6df0d7e5c";"e231070f-1675-4de9-889b-2d91965ee678";"OY980787";51;0
"6c636604-97bb-4912-97c3-ea1dad1dfd72";"e231070f-1675-4de9-889b-2d91965ee678";"OY983136";21;0
"25e8a9df-5a07-48fb-87cf-b8c423203b4f";"e231070f-1675-4de9-889b-2d91965ee678";"OY996684";15;0
"bada7c9b-bde1-4649-adf2-0dd5d99a9ce9";"e231070f-1675-4de9-889b-2d91965ee678";"OY996681";177;0
"8786f5e1-e4eb-4bf8-921f-9c69fa445005";"e231070f-1675-4de9-889b-2d91965ee678";"OY992081";29;0
"d891909b-b238-464b-89a6-c990c9ff7187";"e231070f-1675-4de9-889b-2d91965ee678";"OY996209";23;0
"8851492b-11f8-45fc-9b63-05dc3167450f";"e231070f-1675-4de9-889b-2d91965ee678";"OY983023";68;0
"45a43802-d3da-491f-b37a-e33904950f3f";"e231070f-1675-4de9-889b-2d91965ee678";"OY987507";88;0
"50343921-d6bf-42eb-97ad-56196c3ae590";"e231070f-1675-4de9-889b-2d91965ee678";"OY986539";24;0
"ef7e3c03-0a73-4849-b2b5-d5edd06045c8";"e231070f-1675-4de9-889b-2d91965ee678";"OY996232";78;0
"1b55c0eb-a5c9-430b-871d-2da9972e8de8";"e231070f-1675-4de9-889b-2d91965ee678";"OY996111";74;0
"d2d4ab3c-c575-4b76-ae26-f1389358fb44";"e231070f-1675-4de9-889b-2d91965ee678";"OY981417";26;0
"81fe70d3-9fe3-4247-a494-eec0686df1e5";"e231070f-1675-4de9-889b-2d91965ee678";"OY995822";95;0
"59c712c5-8281-46e3-b269-ea69edeb02c9";"e231070f-1675-4de9-889b-2d91965ee678";"OY995824";39;0
"ad31073b-188c-4a53-865f-f9c8a5da3d51";"e231070f-1675-4de9-889b-2d91965ee678";"OY996117";64;0
"073b144b-8c00-4a66-a2ed-7c2abf361c52";"e231070f-1675-4de9-889b-2d91965ee678";"OY996237";51;0
"0eff88f2-7ce9-4a1e-9ace-bed777da43eb";"e231070f-1675-4de9-889b-2d91965ee678";"OY995709";34;0
"46e52944-c1cf-495e-8d6b-beaddbee8c66";"e231070f-1675-4de9-889b-2d91965ee678";"LOAD_BALANCER";69119;0
"1cf85374-6d64-48cc-95b9-aebe184a584f";"e231070f-1675-4de9-889b-2d91965ee678";"OY995949";33;0
"7e21bbe0-7edf-418f-995a-a9387c01aecc";"e231070f-1675-4de9-889b-2d91965ee678";"OY995708";79;0
"28650065-edc9-4caf-9461-f6afed0e9ba2";"e231070f-1675-4de9-889b-2d91965ee678";"OY996102";45;0
"e9599495-840e-48f6-85f6-e07ad4712105";"e231070f-1675-4de9-889b-2d91965ee678";"OY995013";187;0
"e8b60aa5-0839-46a7-939a-0ebf77efe64e";"e231070f-1675-4de9-889b-2d91965ee678";"OY991456";50;0
"ba2278ee-8531-46c3-b7f1-2338e2abcc12";"e231070f-1675-4de9-889b-2d91965ee678";"OY996109";119;0
"91cbe220-13dc-423a-b5b2-b47da61d5085";"e231070f-1675-4de9-889b-2d91965ee678";"OY996107";40;0
"bc4b5e74-2ed8-4a49-ad59-3256a70061b8";"e231070f-1675-4de9-889b-2d91965ee678";"OY982870";78;0
"41a96826-c6b9-45bd-8b04-00c5a5976170";"e231070f-1675-4de9-889b-2d91965ee678";"OY983043";120;0
"16985808-b99f-4146-becd-dc5d77354a1b";"e231070f-1675-4de9-889b-2d91965ee678";"OY983041";41;0
"6b154fa8-8640-4752-8dc2-39bac739ab86";"e231070f-1675-4de9-889b-2d91965ee678";"OY983040";165;0
"4050542a-17d7-4de7-bbbe-e4074b701e71";"e231070f-1675-4de9-889b-2d91965ee678";"OY987884";74;0
"c0efcabf-76bb-43d1-ad7f-256517de6b0b";"e231070f-1675-4de9-889b-2d91965ee678";"OZ575161";208;0
"2a13a3f9-a5ce-402c-9b64-e019640d6262";"a2609f7b-e729-4fc0-a45c-26b45b8d9ede";"OY996182";37;0
"7bc30a59-1804-42e0-b1b9-1d0568754674";"a2609f7b-e729-4fc0-a45c-26b45b8d9ede";"OY996060";50;0
"0345d18f-6b06-420c-b2e5-340d45835f50";"a2609f7b-e729-4fc0-a45c-26b45b8d9ede";"OY995751";21;0
"9f1db0fb-181e-4926-9e2e-d59f305a05e3";"a2609f7b-e729-4fc0-a45c-26b45b8d9ede";"OY996285";63;0
"a97affd9-2c8b-4cea-a650-3ea10f094439";"a2609f7b-e729-4fc0-a45c-26b45b8d9ede";"OY995757";114;0
"7af7c509-f3f1-4871-a270-defff2ec6721";"a2609f7b-e729-4fc0-a45c-26b45b8d9ede";"OY995759";109;21
"95dff80e-017f-4f8e-9dc5-05fcf33e813d";"a2609f7b-e729-4fc0-a45c-26b45b8d9ede";"OY995758";28;0
"33a9174f-7709-40a4-a0e1-5ec32907f486";"a2609f7b-e729-4fc0-a45c-26b45b8d9ede";"OY984872";81;0
"c2cb4db5-8faa-4694-aa45-f9a80795d458";"a2609f7b-e729-4fc0-a45c-26b45b8d9ede";"OY979055";51;0
"83b2b433-1218-417f-a33d-f740cf8b0b7c";"a2609f7b-e729-4fc0-a45c-26b45b8d9ede";"OZ979999";1364;2
"9561e2d2-9d2c-4a78-b9bb-53f14fb96f1f";"a2609f7b-e729-4fc0-a45c-26b45b8d9ede";"OY996172";81;0
"d79569ea-108b-4d68-b88a-a2055a469803";"a2609f7b-e729-4fc0-a45c-26b45b8d9ede";"OY996051";17;0
"b2b32868-0cba-41ec-be88-02ce329c8c5b";"a2609f7b-e729-4fc0-a45c-26b45b8d9ede";"OY995083";69;0
"cdd834d7-9290-417b-b920-9d0a8bff938c";"a2609f7b-e729-4fc0-a45c-26b45b8d9ede";"OY996079";174;0
"b7bb5930-834b-440d-8088-e99b0f70ec12";"a2609f7b-e729-4fc0-a45c-26b45b8d9ede";"OY996197";32;0
"b0b497d4-3542-4322-9ad3-0b441d9cf32d";"a2609f7b-e729-4fc0-a45c-26b45b8d9ede";"OY987351";42;0
"2c83e2a2-87de-40a9-9b7f-c81813fa67cf";"a2609f7b-e729-4fc0-a45c-26b45b8d9ede";"OY983679";23;0
"bcea051d-10d9-49ab-a621-fdf1baf1ab30";"a2609f7b-e729-4fc0-a45c-26b45b8d9ede";"OY981134";34;0
"0ef970d0-b8b7-4181-96fa-f9584e5a5fd9";"a2609f7b-e729-4fc0-a45c-26b45b8d9ede";"OY983677";49;0
"9e4d0410-dca1-4ece-bbf8-ec1b58742737";"a2609f7b-e729-4fc0-a45c-26b45b8d9ede";"OY995770";43;0
"7370a794-70b9-420a-8a29-9ec9e6335fe2";"a2609f7b-e729-4fc0-a45c-26b45b8d9ede";"OY996064";65;0
"b83851fc-5593-4486-bf27-ce623eaa717f";"a2609f7b-e729-4fc0-a45c-26b45b8d9ede";"OY995413";27;0
"9dcdbad8-91a5-4a1a-b729-f8a5b7abfb81";"a2609f7b-e729-4fc0-a45c-26b45b8d9ede";"OY996194";36;0
"92266877-d62d-46f1-b32a-79a5ebd72cb0";"a2609f7b-e729-4fc0-a45c-26b45b8d9ede";"OY996070";25;0
"2c246d20-c522-48e0-b702-2f10e2386a10";"a2609f7b-e729-4fc0-a45c-26b45b8d9ede";"OY923191";65;0
"18746801-47bc-488f-a17e-8b1081ed454d";"a2609f7b-e729-4fc0-a45c-26b45b8d9ede";"OY987488";85;0
"ba6a1110-7b2f-410d-9dd3-97d374bd2528";"a2609f7b-e729-4fc0-a45c-26b45b8d9ede";"OY980509";23;0
"87a327fd-7550-4f63-af0c-9e7f83ab295b";"a2609f7b-e729-4fc0-a45c-26b45b8d9ede";"OY981718";29;0
"378c5f55-d343-4019-85c5-705770ff29a9";"a2609f7b-e729-4fc0-a45c-26b45b8d9ede";"OY995449";32;0
"c6f4b177-65ce-422c-861b-e1e78702c72c";"a2609f7b-e729-4fc0-a45c-26b45b8d9ede";"OY991885";86;0
"037b84a5-2018-4e04-869e-0e56ecc21ac7";"a2609f7b-e729-4fc0-a45c-26b45b8d9ede";"OY949551";44;0
"aae3d4d8-e038-4488-aee4-41551a76427b";"a2609f7b-e729-4fc0-a45c-26b45b8d9ede";"OY979407";21;0
"689ad4b0-5e7f-4d61-bb73-8995a0d33968";"a2609f7b-e729-4fc0-a45c-26b45b8d9ede";"OY996088";190;0
"5be0933a-aab8-48ef-bfc3-f14185ff288f";"a2609f7b-e729-4fc0-a45c-26b45b8d9ede";"OY981606";30;0
"4a00f475-d4e6-4ec3-a98b-63c1b0954304";"a2609f7b-e729-4fc0-a45c-26b45b8d9ede";"CENTREON";1941;0
"39c1bdb7-6723-4f39-a803-155b6dbee584";"a2609f7b-e729-4fc0-a45c-26b45b8d9ede";"OY987151";29;0
"f3080a64-ef73-48f9-aba0-6200ec567114";"a2609f7b-e729-4fc0-a45c-26b45b8d9ede";"OY996086";69;0
"9204d8f6-1c8f-470e-b5c4-5cb2b68980cc";"a2609f7b-e729-4fc0-a45c-26b45b8d9ede";"OY978678";32;0
"7332c3e3-63c0-4d8b-b8b8-a4bdbdc5992c";"a2609f7b-e729-4fc0-a45c-26b45b8d9ede";"OY995312";36;0
"60e96ecc-43f2-429d-bb93-875133e9874d";"a2609f7b-e729-4fc0-a45c-26b45b8d9ede";"OY994347";64;0
"84a4fa90-0370-44ae-8f85-bea920e2f8dd";"a2609f7b-e729-4fc0-a45c-26b45b8d9ede";"OY979766";71;0
"74e3426f-b4af-49a2-aff7-c987e0e93ea3";"a2609f7b-e729-4fc0-a45c-26b45b8d9ede";"OY979771";97;0
"b3d89152-6349-4fa3-8d1c-5f2bfc33f99f";"a2609f7b-e729-4fc0-a45c-26b45b8d9ede";"OY983581";77;0
"36858419-104d-46b5-9f31-d5d9261ced67";"a2609f7b-e729-4fc0-a45c-26b45b8d9ede";"OY996090";175;0
"d563bb29-251e-495f-bd61-e061cbba4872";"a2609f7b-e729-4fc0-a45c-26b45b8d9ede";"OY980647";82;0
"11ad706b-a9cb-4f05-bae9-b0f27e7dc093";"a2609f7b-e729-4fc0-a45c-26b45b8d9ede";"OY980646";44;0
"ce38bad7-5e6c-4025-98a1-89d23cb304a8";"a2609f7b-e729-4fc0-a45c-26b45b8d9ede";"OY980528";44;0
"250f3a01-971d-48e0-82e5-73ad1030eed1";"a2609f7b-e729-4fc0-a45c-26b45b8d9ede";"LY77NZTR";2;0
"33712326-776d-45b1-8232-8124ab9410d6";"a2609f7b-e729-4fc0-a45c-26b45b8d9ede";"OY995902";34;0
"76fb1619-779c-4bb0-b35e-85bdcb13ebe6";"a2609f7b-e729-4fc0-a45c-26b45b8d9ede";"OY979774";108;0
"cd07963c-3462-4446-9617-36038b4b358c";"a2609f7b-e729-4fc0-a45c-26b45b8d9ede";"OY959449";33;0
"f8c601a2-c17c-4a1d-8bb8-465f05c6038e";"a2609f7b-e729-4fc0-a45c-26b45b8d9ede";"LU496NZT";119;0
"76d9d283-dafe-48c2-82da-293cb91dc5e4";"a2609f7b-e729-4fc0-a45c-26b45b8d9ede";"OY996679";60;0
"f334bdac-2522-4868-9aa2-f5e14a028832";"a2609f7b-e729-4fc0-a45c-26b45b8d9ede";"OY995347";63;0
"a5f9fcb8-32f3-4b34-8b8d-258eec43ddea";"a2609f7b-e729-4fc0-a45c-26b45b8d9ede";"OY996677";96;0
"24820f0b-67f7-45f0-a077-e3ec662d210a";"a2609f7b-e729-4fc0-a45c-26b45b8d9ede";"OY984563";1;0
"e5d148e7-3dde-4cea-a430-ec586107b61c";"a2609f7b-e729-4fc0-a45c-26b45b8d9ede";"OY995907";60;0
"8f4a7474-42b0-4b36-865b-e62d3b1b964d";"a2609f7b-e729-4fc0-a45c-26b45b8d9ede";"OY981176";111;0
"8a75c519-70fe-40d5-9b3f-8d32b764d206";"a2609f7b-e729-4fc0-a45c-26b45b8d9ede";"OY987714";10;0
"afb0b1ab-64ee-4843-90c4-28cf531ccae7";"a2609f7b-e729-4fc0-a45c-26b45b8d9ede";"OZ934278";233;0
"05c390fa-6aae-4941-a1a3-31b469256891";"a2609f7b-e729-4fc0-a45c-26b45b8d9ede";"OY980081";25;0
"e5380fa3-8a69-48c2-84ec-0bbb708b9752";"a2609f7b-e729-4fc0-a45c-26b45b8d9ede";"OY995904";38;0
"c1c2fcbf-4e1a-4ada-bf65-9dbaba37908f";"a2609f7b-e729-4fc0-a45c-26b45b8d9ede";"OY983598";12;0
"dea42431-5240-47e0-a700-5f48d811cc89";"a2609f7b-e729-4fc0-a45c-26b45b8d9ede";"OY960307";74;11
"9eca5c53-c958-4312-bffd-4fbc50949b70";"a2609f7b-e729-4fc0-a45c-26b45b8d9ede";"OY978459";11;0
"1daf17e1-5d88-47e8-aed0-28b53309cfab";"a2609f7b-e729-4fc0-a45c-26b45b8d9ede";"OY995334";26;0
"45de35f9-0070-4507-a683-f1623fcb6b58";"a2609f7b-e729-4fc0-a45c-26b45b8d9ede";"OZ991889";202;0
"5618ed8c-2734-486b-9141-6b469d057e4d";"a2609f7b-e729-4fc0-a45c-26b45b8d9ede";"OZ991887";201;0
"e86f9336-a43f-4d65-b5a6-bc60cf2eb9de";"a2609f7b-e729-4fc0-a45c-26b45b8d9ede";"OY983127";21;0
"1494f83d-78a9-434d-a124-25464e4e2578";"a2609f7b-e729-4fc0-a45c-26b45b8d9ede";"OY947463";36;0
"120be06d-de9a-4e14-85f6-9e1ad94d7ceb";"a2609f7b-e729-4fc0-a45c-26b45b8d9ede";"OZ991890";151;0
"6475a275-c5e2-4597-a084-f1ac232052f9";"a2609f7b-e729-4fc0-a45c-26b45b8d9ede";"LY5NZTRX";208;0
"d0e0ea20-ac3a-4c16-b52c-334ffb270e05";"a2609f7b-e729-4fc0-a45c-26b45b8d9ede";"OZ991895";130;0
"c7f55311-3c36-4482-975f-ebd3a97d03aa";"a2609f7b-e729-4fc0-a45c-26b45b8d9ede";"OY988394";90;0
"f352c2b6-af44-4e70-be73-b40ed1ff917d";"a2609f7b-e729-4fc0-a45c-26b45b8d9ede";"OY995009";221;0
"27814cc5-edff-4ad0-9f0c-9439818688e7";"a2609f7b-e729-4fc0-a45c-26b45b8d9ede";"OY960539";39;0
"9cac32f0-bbf5-4d2d-9bff-72ff5cad39be";"a2609f7b-e729-4fc0-a45c-26b45b8d9ede";"OY996699";17;0
"8b9319ed-49a3-48a5-8c35-745cba0e9d9a";"89738397-f66f-42eb-bf74-3eceadf00401";"LY80YORG";7863;17
"ebcd7cf2-1be3-4007-9ba5-8df386e1a2cd";"89738397-f66f-42eb-bf74-3eceadf00401";"LZ70PHXXQS";1;0
"62a029e6-0202-4ec6-9ec0-ac4a52aa7042";"89738397-f66f-42eb-bf74-3eceadf00401";"LU878OZW";18;1
"90b3caf8-2694-4785-8103-935f4563d739";"89738397-f66f-42eb-bf74-3eceadf00401";"ZABBIX";2607;0
"8d2bf330-3b3c-447a-8edc-e2000d7ced79";"89738397-f66f-42eb-bf74-3eceadf00401";"LU0YRMTL";18721;64
"b6ad5764-cd50-4a5a-b298-67f7915133d9";"89738397-f66f-42eb-bf74-3eceadf00401";"LZ2XZHRM";12952;115
"2d05e11a-39f7-48c2-8f9f-6c8ba5b2ac9a";"89738397-f66f-42eb-bf74-3eceadf00401";"LY88KZOO";2238;8
"0125b422-a78e-45f1-98ec-8c6483f18958";"89738397-f66f-42eb-bf74-3eceadf00401";"LU558XRI";36296;122
"5986652e-7bba-4a20-b720-8ba923925363";"89738397-f66f-42eb-bf74-3eceadf00401";"LY517IVW";352;0
"523aff39-3987-411b-ba32-1ad3cb247560";"89738397-f66f-42eb-bf74-3eceadf00401";"LU82FMRY";156376;195
"ea8732e6-7dd9-4b7f-a253-34184e4c8829";"89738397-f66f-42eb-bf74-3eceadf00401";"CENTREON";1655;0
"64146d9b-18ce-48fd-b8ac-606af02488af";"89738397-f66f-42eb-bf74-3eceadf00401";"LU677HGZ";119;0
"ed0e1b6d-c8a5-42ec-95a1-4c9ccb895000";"89738397-f66f-42eb-bf74-3eceadf00401";"LZ70PHXX";7;0
"26b15b59-4464-499a-aa06-0dec0cd6b026";"89738397-f66f-42eb-bf74-3eceadf00401";"LY477YVG";832;4
"9eb1013b-001a-4b15-ab91-697285e6e4ac";"89738397-f66f-42eb-bf74-3eceadf00401";"LY6MZKLO";25962;0
"400f8715-8784-42f3-991d-bd4991d05c0d";"89738397-f66f-42eb-bf74-3eceadf00401";"LU476NVI";45;0
"4a703a1f-7e48-4f54-9288-adae16edd0a7";"89738397-f66f-42eb-bf74-3eceadf00401";"LY8763DR";312;1
"ff14e690-478a-412b-a62d-08990d02a1c0";"a2609f7b-e729-4fc0-a45c-26b45b8d9ede";"OZ979364";477;0
"568f8bc0-10a6-4340-b77c-81e800015bff";"a2609f7b-e729-4fc0-a45c-26b45b8d9ede";"OY959430";16;0
"22eb9e64-a24f-4200-9b3a-75ce729ff134";"a2609f7b-e729-4fc0-a45c-26b45b8d9ede";"OY980787";45;0
"5b833c23-928a-4883-8251-ed57ca9e7198";"a2609f7b-e729-4fc0-a45c-26b45b8d9ede";"OY983136";10;0
"ef145c15-54b1-49ae-af10-4479ecfa3811";"a2609f7b-e729-4fc0-a45c-26b45b8d9ede";"OY996684";21;0
"6b564370-c767-4d40-8c7f-1a7e23aa4e95";"a2609f7b-e729-4fc0-a45c-26b45b8d9ede";"OY996681";132;0
"99b1f9fb-057d-47a4-81a4-e4e78735b33e";"a2609f7b-e729-4fc0-a45c-26b45b8d9ede";"OY992081";33;0
"bb1557f8-bd7f-4e32-88af-58bf34df1309";"a2609f7b-e729-4fc0-a45c-26b45b8d9ede";"OY996209";28;0
"a9d48f57-e8dd-4a4d-8873-30c5c35b7e23";"a2609f7b-e729-4fc0-a45c-26b45b8d9ede";"OY983023";66;0
"0f1cfdc4-15d9-44dc-8077-d73bb5d37b32";"a2609f7b-e729-4fc0-a45c-26b45b8d9ede";"OY987507";59;0
"cdf80be0-54f3-48b5-9bac-77fc46db8294";"a2609f7b-e729-4fc0-a45c-26b45b8d9ede";"OY986539";10;0
"60426d1b-61e0-441c-935d-d1373c627163";"a2609f7b-e729-4fc0-a45c-26b45b8d9ede";"OY996232";67;0
"0d398141-4030-4f9f-a9e5-944089b74dc5";"a2609f7b-e729-4fc0-a45c-26b45b8d9ede";"OY996111";66;0
"f28e9ac1-3072-4f18-bce6-cfc08373be68";"a2609f7b-e729-4fc0-a45c-26b45b8d9ede";"OY981417";33;0
"db7bc1ab-2fb2-4101-a841-ef19fccf4cd0";"a2609f7b-e729-4fc0-a45c-26b45b8d9ede";"OY995822";96;0
"6d543663-3cf7-4300-95d4-3952d0e63e65";"a2609f7b-e729-4fc0-a45c-26b45b8d9ede";"OY995824";29;0
"e1a73675-9569-4e25-8f75-71ff35f4d930";"a2609f7b-e729-4fc0-a45c-26b45b8d9ede";"OY996117";62;0
"c577e382-50b7-44a5-9151-9d6794450650";"a2609f7b-e729-4fc0-a45c-26b45b8d9ede";"OY996237";46;0
"f847d247-f730-40b1-8fb6-a026a869369f";"a2609f7b-e729-4fc0-a45c-26b45b8d9ede";"OY995709";22;0
"46b31d4e-62b5-42e4-ab55-11e4c3cd818a";"a2609f7b-e729-4fc0-a45c-26b45b8d9ede";"LOAD_BALANCER";69120;0
"4fc83167-a0f6-4807-b52b-37041cf3ab8d";"a2609f7b-e729-4fc0-a45c-26b45b8d9ede";"OY995949";28;0
"b176fc95-baec-46c1-b769-01f244ff3fb2";"a2609f7b-e729-4fc0-a45c-26b45b8d9ede";"OY995708";56;0
"3a5c711f-85a2-4cf2-beb4-a9b9804ba452";"a2609f7b-e729-4fc0-a45c-26b45b8d9ede";"OY996102";40;0
"663e2bc5-c4bd-4427-a017-b2b07352ecd9";"a2609f7b-e729-4fc0-a45c-26b45b8d9ede";"OY995013";196;0
"2c8f3ff6-3dc3-4213-9390-e93b4c4ed590";"a2609f7b-e729-4fc0-a45c-26b45b8d9ede";"OY991456";51;0
"b6378581-c6d3-491c-81e5-ed24cc326205";"a2609f7b-e729-4fc0-a45c-26b45b8d9ede";"OY996109";93;0
"34e37dea-74f4-4a96-a4a3-dd3c3d9205c6";"a2609f7b-e729-4fc0-a45c-26b45b8d9ede";"OY996107";46;0
"005b541f-cdc0-461e-a791-83889852e122";"a2609f7b-e729-4fc0-a45c-26b45b8d9ede";"OY982870";87;0
"f004ead9-daee-4052-91b2-1583f12a21c2";"a2609f7b-e729-4fc0-a45c-26b45b8d9ede";"OY983043";153;0
"debe6f4e-e97b-4c4e-9f22-52bf7abb8617";"a2609f7b-e729-4fc0-a45c-26b45b8d9ede";"OY983041";43;0
"41de7fb1-3d0a-4c59-935e-2e2e2b4c0cb1";"a2609f7b-e729-4fc0-a45c-26b45b8d9ede";"OY983040";161;0
"118344c7-fc02-4aa5-a04d-ea199ca37c1b";"a2609f7b-e729-4fc0-a45c-26b45b8d9ede";"OY987884";38;0
"e025f15e-37fd-416f-a616-7b07d2295f3e";"a2609f7b-e729-4fc0-a45c-26b45b8d9ede";"OZ575161";234;0
"18375e0e-9adb-4224-b073-05f685aa07c2";"3143f190-b403-43e3-b7eb-7550500e29c9";"LY80YORG";6961;0
"882126a8-23fc-4a8e-ab3f-130b0bd6d23b";"3143f190-b403-43e3-b7eb-7550500e29c9";"LU878OZW";3;0
"4eb8b054-8a22-42d6-8c0d-d73a224381b2";"3143f190-b403-43e3-b7eb-7550500e29c9";"ZABBIX";2608;0
"b193a432-e616-4ac6-a3da-449c2a41fe8c";"3143f190-b403-43e3-b7eb-7550500e29c9";"LU0YRMTL";18521;0
"9b9c46f1-a024-42a5-8a75-e4d307667d23";"3143f190-b403-43e3-b7eb-7550500e29c9";"LZ2XZHRM";14906;0
"5d778d2c-621b-4a9b-ae63-4c2a0a0245a2";"3143f190-b403-43e3-b7eb-7550500e29c9";"LY88KZOO";2263;2
"f19fd76d-9fdb-4a11-841b-4fbdbb373385";"3143f190-b403-43e3-b7eb-7550500e29c9";"LU558XRI";34319;34
"b86fef49-b6a5-4ff2-b93a-1cf374555d19";"3143f190-b403-43e3-b7eb-7550500e29c9";"LY517IVW";335;0
"89a15c8b-d3f5-4276-84f9-55f3d5c99efe";"3143f190-b403-43e3-b7eb-7550500e29c9";"LU82FMRY";163177;0
"45447ae8-fb70-4ab0-a4ba-f8471d8a3833";"3143f190-b403-43e3-b7eb-7550500e29c9";"CENTREON";1652;0
"c399ed32-8b19-4b55-9d8f-6b93f82cf53d";"3143f190-b403-43e3-b7eb-7550500e29c9";"LU677HGZ";102;0
"2c8e40ab-cf6c-4f97-9487-c4aab6eb98b5";"3143f190-b403-43e3-b7eb-7550500e29c9";"LY477YVG";831;0
"aa91c0fb-30ff-467c-948a-da1910d655a3";"3143f190-b403-43e3-b7eb-7550500e29c9";"LY6MZKLO";25485;0
"46f996ac-b842-4376-adf7-fcb7c5faf889";"3143f190-b403-43e3-b7eb-7550500e29c9";"LU476NVI";53;0
"f44fe0b4-4f74-492d-8ebf-90d1ffcc805f";"3143f190-b403-43e3-b7eb-7550500e29c9";"LY8763DR";431;0
"a4cd673f-8116-4ed3-9264-b15a4acef0c4";"7d760fff-aa87-47ae-a4bb-9d877c7ea4ce";"OY996135";32;0
"0495d265-4460-4c00-81cb-f6bf62eb1e4c";"7d760fff-aa87-47ae-a4bb-9d877c7ea4ce";"OY996136";59;0
"5987475e-d846-4019-b10f-4715952e24ac";"7d760fff-aa87-47ae-a4bb-9d877c7ea4ce";"OY996133";110;0
"ebbc2dbc-5156-466e-a4bd-415f86acdbfb";"7d760fff-aa87-47ae-a4bb-9d877c7ea4ce";"OY983617";80;0
"f0544a56-b909-4314-95bd-6092f6573d29";"7d760fff-aa87-47ae-a4bb-9d877c7ea4ce";"OY995967";40;0
"bec896e5-9347-4ae6-8165-e23a5cb48c1e";"7d760fff-aa87-47ae-a4bb-9d877c7ea4ce";"OY995968";63;0
"7a963e02-0b88-4e40-8310-d5e96dcd1fa6";"7d760fff-aa87-47ae-a4bb-9d877c7ea4ce";"OY995965";76;0
"ed4ade6f-614f-4a6f-9e62-c138673dd704";"7d760fff-aa87-47ae-a4bb-9d877c7ea4ce";"OY995726";160;12
"f9612b02-a9e1-43f1-b58c-aec86195cb45";"7d760fff-aa87-47ae-a4bb-9d877c7ea4ce";"OY995725";75;0
"4e7aa6a2-26d2-4933-bd2e-91b82800d464";"7d760fff-aa87-47ae-a4bb-9d877c7ea4ce";"OY995720";128;0
"db9a4b81-7be8-4605-aed4-209f5e9971e4";"7d760fff-aa87-47ae-a4bb-9d877c7ea4ce";"OY996016";110;0
"025362c6-e125-477f-85c5-0c1d3db8a83e";"7d760fff-aa87-47ae-a4bb-9d877c7ea4ce";"OY995962";21;0
"0dc3e1ef-073c-4ff7-92dc-014e4ddfaf81";"7d760fff-aa87-47ae-a4bb-9d877c7ea4ce";"OY994518";208;0
"e73f9ee8-4b90-4a73-a13c-6858d0041701";"7d760fff-aa87-47ae-a4bb-9d877c7ea4ce";"OY995728";174;0
"c5b3289e-1b08-4e34-a876-bb652b8eb2ef";"7d760fff-aa87-47ae-a4bb-9d877c7ea4ce";"OY979363";5;0
"378495e9-3c0d-40c7-8de2-5a26ca4af2bf";"7d760fff-aa87-47ae-a4bb-9d877c7ea4ce";"OY995969";120;0
"beac18b9-2732-4b03-ad48-d1898db2db32";"7d760fff-aa87-47ae-a4bb-9d877c7ea4ce";"OY979362";98;0
"802fec9b-caf3-4b6f-8fa8-04ea85177d26";"7d760fff-aa87-47ae-a4bb-9d877c7ea4ce";"OY996380";18;0
"6dc043ec-f566-49e9-b56f-414d8071afbf";"7d760fff-aa87-47ae-a4bb-9d877c7ea4ce";"OY989035";107;0
"8bb9f8a8-56cc-4e4e-ad40-a0224c6ba6e6";"7d760fff-aa87-47ae-a4bb-9d877c7ea4ce";"OY987892";38;0
"9bec49b5-0cc9-4a56-aa43-beddd97e0414";"7d760fff-aa87-47ae-a4bb-9d877c7ea4ce";"OY994744";49;0
"cbde0c29-142e-4c03-96df-722e4c0e9656";"7d760fff-aa87-47ae-a4bb-9d877c7ea4ce";"OY995952";197;3
"39b0c3e7-e6b9-41cc-9aa0-ce1eb5bccc90";"7d760fff-aa87-47ae-a4bb-9d877c7ea4ce";"-";69124;3
"6252d413-aa95-4e0c-a9c3-5a52756fb09c";"7d760fff-aa87-47ae-a4bb-9d877c7ea4ce";"OY991475";81;0
"38790765-ff2e-4753-9a7f-5f5a24adab46";"7d760fff-aa87-47ae-a4bb-9d877c7ea4ce";"OY996126";40;0
"4996b44e-c14a-4cc3-b87a-f4a687b17acf";"7d760fff-aa87-47ae-a4bb-9d877c7ea4ce";"OY995951";170;0
"4a97c2e1-de54-4571-8371-b9fe6dc599ef";"7d760fff-aa87-47ae-a4bb-9d877c7ea4ce";"OY996248";178;0
"cfe6eca9-006d-45cc-bd4d-e3898171412a";"7d760fff-aa87-47ae-a4bb-9d877c7ea4ce";"OY983066";70;0
"8c3236f6-9484-4343-b109-cdca9965fe1b";"7d760fff-aa87-47ae-a4bb-9d877c7ea4ce";"OY995958";170;0
"b29ffb4f-a36c-4791-901f-93a0d69d246a";"7d760fff-aa87-47ae-a4bb-9d877c7ea4ce";"OY995959";107;0
"bdd97c62-8f36-417f-ae0c-8de47398a3c8";"7d760fff-aa87-47ae-a4bb-9d877c7ea4ce";"OY995718";124;0
"f4b66d08-068e-4502-9889-b733460b06a6";"7d760fff-aa87-47ae-a4bb-9d877c7ea4ce";"OY980236";104;0
"8e0406cc-0123-4566-b950-309a19fd32cd";"7d760fff-aa87-47ae-a4bb-9d877c7ea4ce";"OY983621";42;0
"55a34679-8de8-4402-8a10-611b6a62e7e3";"7d760fff-aa87-47ae-a4bb-9d877c7ea4ce";"OY983622";279;0
"a7062e44-33f5-4f40-960c-e4fc8419923d";"7d760fff-aa87-47ae-a4bb-9d877c7ea4ce";"OY987786";136;0
"e0e02350-acc3-4080-9e8c-9bb67a324d65";"7d760fff-aa87-47ae-a4bb-9d877c7ea4ce";"OY983620";181;0
"93330fda-a8f6-4630-ada2-caca476a0109";"7d760fff-aa87-47ae-a4bb-9d877c7ea4ce";"OY996276";40;0
"6f9adf25-0776-4790-87a7-8dcee1d0f2fe";"7d760fff-aa87-47ae-a4bb-9d877c7ea4ce";"OY996156";23;0
"a170609f-2476-407d-8064-0587d90e0164";"7d760fff-aa87-47ae-a4bb-9d877c7ea4ce";"OY996273";108;0
"b0f8a099-6833-4de4-b730-f6c2a95baf3d";"7d760fff-aa87-47ae-a4bb-9d877c7ea4ce";"OY996031";92;0
"16f97fc9-cdde-44e7-a708-bea2e34a58d0";"7d760fff-aa87-47ae-a4bb-9d877c7ea4ce";"OY995746";5;0
"b4e009ae-3fa5-467c-9c01-81e5159cce76";"7d760fff-aa87-47ae-a4bb-9d877c7ea4ce";"OY995983";27;0
"b96b553e-93d9-4311-bc48-944dba1845d4";"7d760fff-aa87-47ae-a4bb-9d877c7ea4ce";"ZABBIX";2608;0
"1baebf13-07f6-41d4-be99-041b1620c06a";"7d760fff-aa87-47ae-a4bb-9d877c7ea4ce";"OY984046";40;0
"6ca7e698-7d86-4e47-b946-2f2323b2a592";"7d760fff-aa87-47ae-a4bb-9d877c7ea4ce";"OY995749";31;0
"24224bb0-28e8-4aa8-913a-c2281b2b755e";"7d760fff-aa87-47ae-a4bb-9d877c7ea4ce";"OY980006";103;0
"657b09c4-daa0-40d9-b91b-575ca8999cf3";"7d760fff-aa87-47ae-a4bb-9d877c7ea4ce";"OY996280";204;0
"f2fd97d7-8673-4c8b-92ca-ecdb960be34a";"7d760fff-aa87-47ae-a4bb-9d877c7ea4ce";"OZ991914";711;0
"8a747db9-3534-4d71-b307-34e4688fe459";"7d760fff-aa87-47ae-a4bb-9d877c7ea4ce";"OY995971";113;0
"47b82819-d093-4746-bd1a-cd60f7ac8aca";"7d760fff-aa87-47ae-a4bb-9d877c7ea4ce";"OY996023";52;0
"6d45aaa5-1166-49b6-9f2a-4e006599ba35";"7d760fff-aa87-47ae-a4bb-9d877c7ea4ce";"OY983649";104;0
"3044bdb7-949e-4de8-943c-2f491ee29f06";"7d760fff-aa87-47ae-a4bb-9d877c7ea4ce";"OY996141";22;0
"6c3edccc-a07d-48f8-bca0-844c5e26a5a9";"7d760fff-aa87-47ae-a4bb-9d877c7ea4ce";"OY996020";36;0
"cc5399bf-4c5d-498e-ba71-1b1e3a4b632d";"7d760fff-aa87-47ae-a4bb-9d877c7ea4ce";"OY995735";69;0
"40dc4da3-496b-47ef-a5d1-4e197b45a7bf";"7d760fff-aa87-47ae-a4bb-9d877c7ea4ce";"OY995737";76;0
"e4cecfc9-2766-4985-8897-86a31b6143a7";"7d760fff-aa87-47ae-a4bb-9d877c7ea4ce";"OY995977";155;0
"0a1d4638-ffe7-4a07-a967-5bed5fb83599";"7d760fff-aa87-47ae-a4bb-9d877c7ea4ce";"OY995733";85;0
"23b67655-008c-4c01-8220-601d1e1a4fed";"7d760fff-aa87-47ae-a4bb-9d877c7ea4ce";"OY996028";32;0
"b677955b-79f1-494f-bc8a-9f508a5f1500";"7d760fff-aa87-47ae-a4bb-9d877c7ea4ce";"OY995738";40;0
"1b10c4d7-3d77-4a4d-9b41-5e5a0d8b7af8";"7d760fff-aa87-47ae-a4bb-9d877c7ea4ce";"OY983648";28;0
"5df94112-2950-4581-b96b-908349068ac2";"7d760fff-aa87-47ae-a4bb-9d877c7ea4ce";"OY996271";80;0
"2002fead-d2b9-470b-ae13-df5b44b5ae48";"7d760fff-aa87-47ae-a4bb-9d877c7ea4ce";"OY981349";1;0
"9be3e6a6-24f7-418d-987c-cdf45a122694";"7d760fff-aa87-47ae-a4bb-9d877c7ea4ce";"OY983403";20;0
"984c686a-c6c8-4902-b7dc-5275e7478841";"7d760fff-aa87-47ae-a4bb-9d877c7ea4ce";"OY983404";54;0
"cd339b24-f3c9-4d33-b149-9bb4998d96ab";"7d760fff-aa87-47ae-a4bb-9d877c7ea4ce";"OY981347";53;0
"104a86ed-13db-4ae7-95d4-3ed3d1241967";"7d760fff-aa87-47ae-a4bb-9d877c7ea4ce";"OY995089";34;0
"50717620-1cfa-49a5-8f9e-565a849fbb91";"7d760fff-aa87-47ae-a4bb-9d877c7ea4ce";"OY996176";227;0
"d98c5caf-9732-4f81-b6fb-c64b500c4143";"7d760fff-aa87-47ae-a4bb-9d877c7ea4ce";"OY978509";147;0
"dc86ef65-8e27-4172-be0f-c169c5b67808";"7d760fff-aa87-47ae-a4bb-9d877c7ea4ce";"OY996174";98;0
"dbc525d8-d2a5-4c8e-ba79-b4c6e9ba3771";"7d760fff-aa87-47ae-a4bb-9d877c7ea4ce";"OY995768";65;0
"ca10b148-ee94-47bf-a29e-e9a0d0762cd2";"7d760fff-aa87-47ae-a4bb-9d877c7ea4ce";"OY979955";17;0
"0a0a43ca-b910-4624-8aaa-ff60aa9b9336";"7d760fff-aa87-47ae-a4bb-9d877c7ea4ce";"OY979954";71;0
"7eae9f8c-3f5e-40b2-af46-aece88ac40e4";"7d760fff-aa87-47ae-a4bb-9d877c7ea4ce";"OY983650";46;0
"4679bfc0-5007-4696-b2f8-74edc31e3b07";"7d760fff-aa87-47ae-a4bb-9d877c7ea4ce";"OY981591";74;0
"0cd052e4-0b54-456f-adf8-1449d0fc85ec";"7d760fff-aa87-47ae-a4bb-9d877c7ea4ce";"OY984187";121;0
"6d49228b-8bd4-46ae-af5d-0db9dc4403c1";"7d760fff-aa87-47ae-a4bb-9d877c7ea4ce";"OY981350";100;0
"c8441b63-e7c3-4e97-91cd-d653578697ca";"7d760fff-aa87-47ae-a4bb-9d877c7ea4ce";"OY996182";54;0
"c47a2255-d5ff-45e7-8921-497ffdf9c450";"7d760fff-aa87-47ae-a4bb-9d877c7ea4ce";"OY996060";85;0
"bcd9021f-5141-48ac-8623-f4be01135610";"7d760fff-aa87-47ae-a4bb-9d877c7ea4ce";"OY995751";32;0
"5fc9e049-4afe-4e1b-ba8e-08ad9f0eeef7";"7d760fff-aa87-47ae-a4bb-9d877c7ea4ce";"OY996285";58;0
"32a04d60-5779-4e89-9950-07eb51874fe9";"7d760fff-aa87-47ae-a4bb-9d877c7ea4ce";"OY995757";122;0
"2c51c1de-a39e-4657-96d8-50fa9ae05b24";"7d760fff-aa87-47ae-a4bb-9d877c7ea4ce";"OY995759";163;31
"05d61e2f-005d-4305-832b-2fb472e18063";"7d760fff-aa87-47ae-a4bb-9d877c7ea4ce";"OY995758";26;0
"6aef9a55-ab2d-4aff-8de1-842dafb87c1e";"7d760fff-aa87-47ae-a4bb-9d877c7ea4ce";"OY984872";94;0
"cebd3639-0d67-4eb6-9b58-0832203543f5";"7d760fff-aa87-47ae-a4bb-9d877c7ea4ce";"OY979055";68;0
"039d8d48-a79c-4d38-8c78-fa183f84453f";"7d760fff-aa87-47ae-a4bb-9d877c7ea4ce";"OZ979999";1925;0
"b85db010-b101-45d5-9a17-dbbdcbc5015f";"7d760fff-aa87-47ae-a4bb-9d877c7ea4ce";"OY996051";10;0
"b7d43b27-8fab-4796-bd5a-2487ff39d902";"7d760fff-aa87-47ae-a4bb-9d877c7ea4ce";"OY996172";82;0
"5e7c533a-360d-4b29-a93c-8d9c57485bc9";"7d760fff-aa87-47ae-a4bb-9d877c7ea4ce";"OY995083";74;0
"a76d61c6-9f8a-456c-94a1-0025fd30857a";"7d760fff-aa87-47ae-a4bb-9d877c7ea4ce";"OY996079";190;0
"96fea745-aee3-462c-86f9-f858a147735e";"7d760fff-aa87-47ae-a4bb-9d877c7ea4ce";"OY996197";70;0
"2e382f8e-68ab-4700-8fb0-6d6b657973d5";"7d760fff-aa87-47ae-a4bb-9d877c7ea4ce";"OY987351";29;0
"d29e51a8-66a2-4a0b-a07c-4e3ca2869f11";"7d760fff-aa87-47ae-a4bb-9d877c7ea4ce";"OY983679";34;0
"535a2cf8-5fc3-44dc-88f6-0407c81b1619";"7d760fff-aa87-47ae-a4bb-9d877c7ea4ce";"OY981134";38;0
"a0be8e3d-1f51-4fc4-982c-94b514d0a45c";"7d760fff-aa87-47ae-a4bb-9d877c7ea4ce";"OY983677";101;0
"4cade1d6-c3da-4de8-b54d-27d8b1e8b659";"7d760fff-aa87-47ae-a4bb-9d877c7ea4ce";"OY995770";39;0
"9e1a7c77-5ec3-4d77-b973-49c4bc741022";"7d760fff-aa87-47ae-a4bb-9d877c7ea4ce";"OY996064";70;0
"402caf88-b217-425b-a387-cb666e40a3c7";"7d760fff-aa87-47ae-a4bb-9d877c7ea4ce";"OY995413";56;0
"72c78a06-7af9-4352-bda6-99dd861439a4";"7d760fff-aa87-47ae-a4bb-9d877c7ea4ce";"OY996194";65;0
"f7e3e66c-94c3-4ed2-9237-d6e5187f8c59";"7d760fff-aa87-47ae-a4bb-9d877c7ea4ce";"OY923191";101;0
"20068b43-82f1-40aa-bec5-d94f03b8ebb3";"7d760fff-aa87-47ae-a4bb-9d877c7ea4ce";"OY996070";17;0
"d1e5068a-27c5-4ade-9b56-9ad9167abf51";"7d760fff-aa87-47ae-a4bb-9d877c7ea4ce";"OY987488";80;0
"e1810c38-70ca-4b6e-995d-86a3dfeca233";"7d760fff-aa87-47ae-a4bb-9d877c7ea4ce";"OY981718";43;0
"bf2c6a07-137f-4028-9155-0fc65ae92a24";"7d760fff-aa87-47ae-a4bb-9d877c7ea4ce";"OY980509";34;0
"5253e74b-6d51-4d1c-911e-c5691591d71f";"7d760fff-aa87-47ae-a4bb-9d877c7ea4ce";"OY995449";54;0
"fc0d8fd1-dd99-4d55-9bbe-fc5ea7cd9a0a";"7d760fff-aa87-47ae-a4bb-9d877c7ea4ce";"OY991885";113;0
"c4548f2c-d514-4e44-baa4-fb6a98d5573b";"7d760fff-aa87-47ae-a4bb-9d877c7ea4ce";"OY949551";58;0
"2ea76e5f-40d6-4ebb-bab1-126b4a6f71b0";"7d760fff-aa87-47ae-a4bb-9d877c7ea4ce";"OY979407";15;0
"802f1233-3d86-4acb-a4ce-f434a8b40e73";"7d760fff-aa87-47ae-a4bb-9d877c7ea4ce";"OY996088";260;0
"5b3e6169-98d5-4b75-8e0c-231f25911653";"7d760fff-aa87-47ae-a4bb-9d877c7ea4ce";"OY981606";30;0
"39fc3b8f-34aa-4d04-b10e-be9442950648";"7d760fff-aa87-47ae-a4bb-9d877c7ea4ce";"CENTREON";1943;0
"811a325c-3332-401d-a68f-27cccbd9a4e2";"7d760fff-aa87-47ae-a4bb-9d877c7ea4ce";"OY987151";46;0
"b94a65bf-2267-412c-b980-90799580d61d";"7d760fff-aa87-47ae-a4bb-9d877c7ea4ce";"OY996086";63;0
"99078d39-7447-4ccb-886e-aed02324869a";"7d760fff-aa87-47ae-a4bb-9d877c7ea4ce";"OY995312";27;0
"1232cc78-a7fe-43c5-a5e7-95979c969112";"7d760fff-aa87-47ae-a4bb-9d877c7ea4ce";"OY978678";33;0
"8105da28-82c3-41d8-a10e-8dbf9d97ae9d";"7d760fff-aa87-47ae-a4bb-9d877c7ea4ce";"OY979766";88;0
"401f00b3-c4ca-4967-9eb1-db19252a75e9";"7d760fff-aa87-47ae-a4bb-9d877c7ea4ce";"OY994347";91;0
"4f37deb2-5275-4ec3-bcee-29d6a3964ca1";"7d760fff-aa87-47ae-a4bb-9d877c7ea4ce";"OY979771";90;0
"2e2b14c7-60df-4bba-986f-f933d294dd6e";"7d760fff-aa87-47ae-a4bb-9d877c7ea4ce";"OY983581";124;0
"ca8e0862-db36-43b3-93d4-7e797c21f05d";"7d760fff-aa87-47ae-a4bb-9d877c7ea4ce";"LY65KZMZ";1;0
"44aa2a6d-228c-49f1-9778-19ea72a5b4ec";"7d760fff-aa87-47ae-a4bb-9d877c7ea4ce";"OY996090";212;0
"0ebc9e11-fe54-43bd-b510-c1e47471bfc6";"7d760fff-aa87-47ae-a4bb-9d877c7ea4ce";"OY980647";96;0
"c09075b1-13aa-4dba-996e-97df02e526a6";"7d760fff-aa87-47ae-a4bb-9d877c7ea4ce";"OY980646";64;0
"b7f0561f-1fc9-4321-bc27-095a037971db";"7d760fff-aa87-47ae-a4bb-9d877c7ea4ce";"OY980528";49;0
"b15d3ebb-1236-439f-8ef6-8ae1101f54e7";"7d760fff-aa87-47ae-a4bb-9d877c7ea4ce";"LY77NZTR";1;0
"657590d0-ab01-4889-843f-c3adc63dc6dc";"7d760fff-aa87-47ae-a4bb-9d877c7ea4ce";"OY979774";135;0
"5690bc52-ed40-49c6-b11f-cfd169b4edf5";"7d760fff-aa87-47ae-a4bb-9d877c7ea4ce";"OY995902";40;0
"b313680b-16d4-4158-9b90-47eac1770a10";"7d760fff-aa87-47ae-a4bb-9d877c7ea4ce";"OY959449";42;0
"fa72bbc0-3098-446a-8053-7106e5ff128b";"7d760fff-aa87-47ae-a4bb-9d877c7ea4ce";"LU496NZT";170;0
"a2dd9c63-ff84-41f1-937c-bb699189c628";"7d760fff-aa87-47ae-a4bb-9d877c7ea4ce";"OY996679";73;0
"6deca9c1-f600-41af-9a66-a9ae25fce17a";"7d760fff-aa87-47ae-a4bb-9d877c7ea4ce";"OY996677";125;0
"8d816830-9d78-48b1-a622-6f3c9c17cc73";"7d760fff-aa87-47ae-a4bb-9d877c7ea4ce";"OY995347";45;0
"ca56d15d-df5d-4346-9669-7f0f832f82e6";"7d760fff-aa87-47ae-a4bb-9d877c7ea4ce";"OY981176";128;0
"2d4fdf8a-967c-4489-8829-9404e5d23645";"7d760fff-aa87-47ae-a4bb-9d877c7ea4ce";"OY995907";90;0
"37b68554-dbb7-4b73-815f-4de5c4df1416";"7d760fff-aa87-47ae-a4bb-9d877c7ea4ce";"OY987714";37;0
"0d2e4953-aefe-40dd-a51d-558f9ebc9c24";"7d760fff-aa87-47ae-a4bb-9d877c7ea4ce";"OZ934278";448;0
"99078c8d-6c68-45ec-a116-accf81178d73";"7d760fff-aa87-47ae-a4bb-9d877c7ea4ce";"OY980081";33;0
"ff406602-d98e-4d14-b23a-933a0682d517";"7d760fff-aa87-47ae-a4bb-9d877c7ea4ce";"OY995904";59;0
"e6c74aba-f6e8-4bbe-af3d-41000309d1bb";"7d760fff-aa87-47ae-a4bb-9d877c7ea4ce";"OY983598";31;0
"3b026750-496d-4458-aea6-7e56de2115b4";"7d760fff-aa87-47ae-a4bb-9d877c7ea4ce";"OY960307";95;16
"6e4c3f82-0aa8-4a00-8e8e-814d4c855c0a";"7d760fff-aa87-47ae-a4bb-9d877c7ea4ce";"OY978459";26;0
"394a8b09-8b69-48e2-9e34-98a86da30400";"7d760fff-aa87-47ae-a4bb-9d877c7ea4ce";"OY995334";33;0
"83e141aa-1942-4c09-8408-b949cd0fded4";"7d760fff-aa87-47ae-a4bb-9d877c7ea4ce";"OZ991889";334;0
"2726a8fe-795b-4a81-aad0-a35efc9ab6a3";"7d760fff-aa87-47ae-a4bb-9d877c7ea4ce";"OZ991887";331;0
"a9108bcd-3dde-47dc-b698-5dd17aefac89";"7d760fff-aa87-47ae-a4bb-9d877c7ea4ce";"OY983127";30;0
"a0a0e995-f36e-4fd9-a281-4d0cfb7870c1";"7d760fff-aa87-47ae-a4bb-9d877c7ea4ce";"OY947463";34;0
"d3929290-f0f3-4586-a30c-2b7cd730df3d";"7d760fff-aa87-47ae-a4bb-9d877c7ea4ce";"OZ991890";400;0
"54de8419-382d-4a68-8bf5-72b581209f5f";"7d760fff-aa87-47ae-a4bb-9d877c7ea4ce";"LY5NZTRX";118;0
"e7056a54-75db-47ad-992c-dc7c32b0e317";"7d760fff-aa87-47ae-a4bb-9d877c7ea4ce";"OY988394";102;0
"6a8b10da-d0be-4f31-9219-6ce5bc48ae07";"7d760fff-aa87-47ae-a4bb-9d877c7ea4ce";"OZ991895";192;0
"bb1fa1d0-e63b-4a57-8db4-a5b70fa54538";"7d760fff-aa87-47ae-a4bb-9d877c7ea4ce";"OY995009";241;0
"04e6b3b4-99ec-4137-a778-edb0eeeb308c";"7d760fff-aa87-47ae-a4bb-9d877c7ea4ce";"OY960539";35;0
"49be5f2e-f408-4238-837d-2e0ce76933bf";"7d760fff-aa87-47ae-a4bb-9d877c7ea4ce";"OY996699";22;0
"ad53cccf-1af8-4406-a9d3-b285c220fc6a";"7d760fff-aa87-47ae-a4bb-9d877c7ea4ce";"OZ979364";887;0
"96700397-9323-4624-afd5-daaaa9adcbf9";"7d760fff-aa87-47ae-a4bb-9d877c7ea4ce";"OY959430";24;0
"dda17a2c-e0a7-4f2d-ac4d-0cda1314abbe";"7d760fff-aa87-47ae-a4bb-9d877c7ea4ce";"OY980787";59;0
"a7bd97d7-4d5b-4b10-af0f-7dd2bc0500c4";"7d760fff-aa87-47ae-a4bb-9d877c7ea4ce";"OY983136";15;0
"34123d17-fec1-4438-a7cc-5d6767fe86b6";"7d760fff-aa87-47ae-a4bb-9d877c7ea4ce";"OY996684";21;0
"3f84b052-04f6-43d0-8c0d-81591a21d699";"7d760fff-aa87-47ae-a4bb-9d877c7ea4ce";"OY996681";164;0
"2b893e19-2745-4306-a23e-9bacec3133f0";"7d760fff-aa87-47ae-a4bb-9d877c7ea4ce";"OY992081";31;0
"5613ef76-50d9-45a1-bb4e-2bf512dea909";"7d760fff-aa87-47ae-a4bb-9d877c7ea4ce";"OY996209";20;0
"ea8f883c-a550-4f66-882b-387382ff4b6c";"7d760fff-aa87-47ae-a4bb-9d877c7ea4ce";"OY983023";76;0
"730b3eb5-5fbe-492a-adc7-14117cdea2f0";"7d760fff-aa87-47ae-a4bb-9d877c7ea4ce";"OY987507";101;0
"5ffec4b2-9db8-4639-8352-978b54564a74";"7d760fff-aa87-47ae-a4bb-9d877c7ea4ce";"OY986539";13;0
"8045e879-3b67-4cea-9375-6fc44089be06";"7d760fff-aa87-47ae-a4bb-9d877c7ea4ce";"OY996232";81;1
"b4d1020a-6028-40c0-8e23-8596713fc03b";"7d760fff-aa87-47ae-a4bb-9d877c7ea4ce";"OY996111";70;0
"e93db20a-94c3-4f8e-b7c0-3f041069e700";"7d760fff-aa87-47ae-a4bb-9d877c7ea4ce";"OY981417";29;0
"dcf21fc0-bdbc-4b06-85fb-06a84a05f5de";"7d760fff-aa87-47ae-a4bb-9d877c7ea4ce";"OY995822";107;0
"118f171d-8c1c-4fee-8793-307ee3acc3da";"7d760fff-aa87-47ae-a4bb-9d877c7ea4ce";"OY995824";25;0
"82d47351-e956-414a-bc02-65e41fa49b76";"7d760fff-aa87-47ae-a4bb-9d877c7ea4ce";"OY996117";60;0
"347a48ac-d104-481e-9445-ed8cbee30e82";"7d760fff-aa87-47ae-a4bb-9d877c7ea4ce";"OY996237";64;0
"fcaa7f26-5cb8-4d5b-aa42-fcc9c5e7bd4d";"7d760fff-aa87-47ae-a4bb-9d877c7ea4ce";"OY995709";44;0
"22494ea7-f638-4b5d-9c33-44aa345ba845";"7d760fff-aa87-47ae-a4bb-9d877c7ea4ce";"LOAD_BALANCER";69121;0
"3025c43d-8561-495c-9a7f-a913ba5d3c18";"7d760fff-aa87-47ae-a4bb-9d877c7ea4ce";"OY995949";43;0
"c4a87ad9-004d-44db-a857-c30917e537bf";"7d760fff-aa87-47ae-a4bb-9d877c7ea4ce";"OY995708";71;0
"b8aa8a67-1b22-424f-89fe-a0ad198b9f72";"7d760fff-aa87-47ae-a4bb-9d877c7ea4ce";"OY996102";38;0
"73ed2c86-fdbf-4023-98cb-2bcc6dbbbfb0";"7d760fff-aa87-47ae-a4bb-9d877c7ea4ce";"OY995013";199;0
"48db0b0f-043b-4a3f-b2f2-398039952ebc";"7d760fff-aa87-47ae-a4bb-9d877c7ea4ce";"OY991456";72;0
"bf4f9628-7983-4d96-a419-e6b2d7263856";"7d760fff-aa87-47ae-a4bb-9d877c7ea4ce";"OY996109";106;0
"01a5881b-3f52-4687-ad38-6f46ffa8d33a";"7d760fff-aa87-47ae-a4bb-9d877c7ea4ce";"OY996107";32;0
"edd2ce32-50c5-493a-9f89-fccb53018980";"7d760fff-aa87-47ae-a4bb-9d877c7ea4ce";"OY982870";87;0
"ff3f7b7e-04bd-4f5d-a936-0662fed98357";"7d760fff-aa87-47ae-a4bb-9d877c7ea4ce";"OY983043";181;0
"d059c023-e356-48bd-9a4b-10655cca1661";"7d760fff-aa87-47ae-a4bb-9d877c7ea4ce";"OY983041";52;0
"8d975f34-dc9a-4eaf-801b-03ba43573ce0";"7d760fff-aa87-47ae-a4bb-9d877c7ea4ce";"OY983040";209;0
"d69b1b02-ee60-4e68-815f-ec62e5a76061";"7d760fff-aa87-47ae-a4bb-9d877c7ea4ce";"OY987884";69;0
"429d2866-c81d-4fc8-8f26-385a7319697d";"7d760fff-aa87-47ae-a4bb-9d877c7ea4ce";"OZ575161";239;0
"a7539e88-dfc1-4ff7-a0b4-dd30d78913b5";"b2893efa-df1c-4451-b76e-529b20651656";"LY80YORG";8278;0
"841c2364-3414-4a2f-b821-8f0bb28bf3b0";"b2893efa-df1c-4451-b76e-529b20651656";"ZABBIX";2608;0
"7ca09e81-adf7-416a-bdeb-a3aec2b37aa2";"b2893efa-df1c-4451-b76e-529b20651656";"LU0YRMTL";25733;0
"4c7394a9-6f80-4ed6-9047-acb1da35db01";"b2893efa-df1c-4451-b76e-529b20651656";"LZ2XZHRM";11952;0
"ddda4f1a-30ea-48ef-95f4-1dfd9fe436b2";"b2893efa-df1c-4451-b76e-529b20651656";"LY88KZOO";2394;1
"9d1e09dc-dc2b-4b7b-8a6d-3a29cd03b01e";"b2893efa-df1c-4451-b76e-529b20651656";"LU558XRI";33837;0
"c417a19d-fc94-4258-a22f-41f1dc010030";"b2893efa-df1c-4451-b76e-529b20651656";"LY517IVW";387;0
"7d62bd65-7267-449f-af1b-2811cbb07238";"b2893efa-df1c-4451-b76e-529b20651656";"LU82FMRY";202131;0
"6f1b75fc-8d75-4402-9446-0ed6a148c6ac";"b2893efa-df1c-4451-b76e-529b20651656";"CENTREON";1654;0
"83451979-485a-4f26-8295-fde65c366b3b";"b2893efa-df1c-4451-b76e-529b20651656";"LU677HGZ";184;0
"8e2fb9bc-0f23-4eb5-90a6-b652246d1111";"b2893efa-df1c-4451-b76e-529b20651656";"LY477YVG";815;0
"8d7305df-0fe1-4937-b33f-ff1aa2bca4f6";"b2893efa-df1c-4451-b76e-529b20651656";"LY6MZKLO";26864;0
"8c3026e5-45c7-4446-9e52-00ba54998df2";"b2893efa-df1c-4451-b76e-529b20651656";"LU476NVI";37;0
"17ccb310-08a1-4be1-a0cb-601e2792fcdb";"b2893efa-df1c-4451-b76e-529b20651656";"LY8763DR";433;0
