"201512230726556150.83897","OB4MAGIC","91.183.92.72",02-MAY-17,"epis"
"201512230726556180.06455","OB4MAGIC","194.78.20.162",02-MAY-17,"epis"
"201512230726556210.33046","LB003823","91.183.68.12",02-MAY-17,"epis"
"201512230726556270.62156","LB021490","217.136.230.54",02-MAY-17,"epis"
"201512230726556380.57568","LA008104","212.166.57.180",02-MAY-17,"epis"
"201512230726556540.92816","LB003825","109.135.9.28",02-MAY-17,"epis"
"201512230726556870.87468","LB039460","81.244.249.24",02-MAY-17,"epis"
"201512230726557320.07973","LB016349","81.83.20.184",02-MAY-17,"epis"
"201512230726557460.72792","LA020635","212.166.57.180",02-MAY-17,"epis"
"201512230726557720.12171","LB040569","81.82.194.138",02-MAY-17,"epis"
"201512230726557800.96019","LB015812","81.243.240.28",02-MAY-17,"epis"
"201512230726557910.47922","LB018649","87.66.25.169",02-MAY-17,"epis"
"201512230726558090.36880","LB019212","81.240.250.55",02-MAY-17,"epis"
"201512230726558150.63481","LB003939","81.83.19.39",02-MAY-17,"epis"
"201512230726558380.98357","LB003315","91.183.34.54",02-MAY-17,"epis"
"201512230726558480.84602","LB003318","81.241.252.90",02-MAY-17,"epis"
"201512230726558590.36661","LB007918","81.83.0.217",02-MAY-17,"epis"
"201512230726558630.97082","LB003714","194.78.201.33",02-MAY-17,"epis"
"201512230726558790.55767","LB004242","212.76.227.59",02-MAY-17,"epis"
"201512230726558900.25866","LB004240","212.76.227.59",02-MAY-17,"epis"
"201512230726559030.84666","LB016976","91.183.37.62",02-MAY-17,"epis"
"201512230726559080.24685","LB015127","212.76.227.59",02-MAY-17,"epis"
"201512230726559140.94531","LB020944","81.243.251.102",02-MAY-17,"epis"
"201512230726559250.43540","LB013460","91.183.92.80",02-MAY-17,"epis"
"201512230726559310.58487","LA020000","212.123.9.50",02-MAY-17,"epis"
"201512230726559370.70177","LB003948","81.82.232.62",02-MAY-17,"epis"
"201512230726559450.91233","LB003767","212.76.227.59",02-MAY-17,"epis"
"201512230726559560.12615","LB003920","212.76.227.59",02-MAY-17,"epis"
"201512230726559740.36643","LB004177","212.76.227.59",02-MAY-17,"epis"
"201512230726559870.01127","LB004175","83.101.5.57",02-MAY-17,"epis"
"201512230726559990.45548","LB003762","80.200.250.238",02-MAY-17,"epis"
"201512230726560090.74164","LB004050","212.76.227.59",02-MAY-17,"epis"
"201512230726560150.48394","LB004291","87.66.16.31",02-MAY-17,"epis"
"201512230726560200.64410","LB012648","212.76.227.59",02-MAY-17,"epis"
"201512230726560250.20003","LB016320","81.243.240.14",02-MAY-17,"epis"
"201512230726560640.93835","LB004986","91.183.85.90",02-MAY-17,"epis"
"201512230726560700.17228","LB004986","109.135.10.18",02-MAY-17,"epis"
"201512230726560760.23223","LB003935","212.76.227.59",02-MAY-17,"epis"
"201512230726560810.14765","LB008543","91.183.85.90",02-MAY-17,"epis"
"201512230726560890.51714","LB003890","212.76.227.59",02-MAY-17,"epis"
"201512230726560950.74164","OB6CIRCU","212.166.55.47",02-MAY-17,"epis"
"201512230726561010.18743","LB003892","217.136.241.193",02-MAY-17,"epis"
"201512230726561130.89983","LB017129","109.135.8.24",02-MAY-17,"epis"
"201512230726561310.31356","LB016959","81.243.242.245",02-MAY-17,"epis"
"201512230726561370.54524","LB076808","81.82.245.25",02-MAY-17,"epis"
"201512230726561490.21791","LB012115","91.183.96.115",02-MAY-17,"epis"
"201512230726561550.70995","LB012511","91.183.88.209",02-MAY-17,"epis"
"201512230727073030.97318","OB19BLIT","212.166.10.135",02-MAY-17,"egames"
"201512230727077690.85553","OB10SONI","78.110.17.131",02-MAY-17,"egames"
"201512230727077740.54921","OF17UNIB","192.36.69.4",02-MAY-17,"egames"
"201512230727077770.35618","OF342BET","84.199.9.103",02-MAY-17,"egames"
"201512230727077810.34719","OB14CARO","212.166.10.133",02-MAY-17,"egames"
"201512230727077830.55849","OF401ZET","94.125.60.73",02-MAY-17,"egames"
"201512230727077950.14887","-","84.199.9.103",02-MAY-17,"egames"
"201512230727078030.85603","-","137.116.71.170",28-APR-17,"egames"
"201512230727078050.00312","OF121LAD","194.78.160.84",02-MAY-17,"egames"
"201512230727078240.80100","OF241TIP","91.221.10.176",02-MAY-17,"egames"
"201512230727078290.19044","OF241TIP","62.213.195.5",02-MAY-17,"egames"
"201512230727078320.08866","OF241TIP","91.221.10.6",02-MAY-17,"egames"
"201512230727078360.46285","OB34PANA","109.69.219.136",02-MAY-17,"egames"
"201512230727078420.83916","OB33FAMI","212.166.22.177",02-MAY-17,"egames"
"201512230727078450.74232","OB22MAGI","212.166.55.43",02-MAY-17,"egames"
"201512230727078500.09542","OF36GOLD","109.69.217.23",02-MAY-17,"egames"
"201512230727078540.46469","OB101STA","79.174.133.222",02-MAY-17,"egames"
"201512230727078560.44199","OB101STA","79.174.133.221",02-MAY-17,"egames"
"201512230727078660.65818","OF181STA","79.174.133.222",02-MAY-17,"egames"
"201512230727078680.83882","OF181STA","79.174.133.221",02-MAY-17,"egames"
"201512230727078750.99913","OA29KSCC","10.233.2.66",02-MAY-17,"egames"
"201512230727102950.49624","P007415","91.183.39.130",02-MAY-17,"protocol"
"201512230727102970.53762","P020635","212.166.57.180",02-MAY-17,"protocol"
"201512230727102990.43675","P016377","212.76.227.59",02-MAY-17,"protocol"
"201512230727103140.51532","P003979","91.183.88.176",02-MAY-17,"protocol"
"201512230727103180.49957","P170744","109.135.3.115",02-MAY-17,"protocol"
"201512230727103200.13070","P117223","109.69.219.131",02-MAY-17,"protocol"
"201512230727103220.71617","P016933","217.136.226.218",02-MAY-17,"protocol"
"201512230727103280.48766","P016379","81.83.3.17",02-MAY-17,"protocol"
"201512230727103320.95662","P004266","91.183.82.210",02-MAY-17,"protocol"
"201512230727103350.75215","P008181","87.66.0.116",02-MAY-17,"protocol"
"201512230727103390.53567","P004022","212.76.227.59",02-MAY-17,"protocol"
"201512230727103440.95879","P004261","212.76.227.59",02-MAY-17,"protocol"
"201512230727103460.13726","P047793","194.78.202.248",02-MAY-17,"protocol"
"201512230727103480.02194","P003866","91.183.71.53",02-MAY-17,"protocol"
"201512230727103570.54046","P33947","213.181.56.78",02-MAY-17,"protocol"
"201512230727103630.98401","P004279","81.243.243.139",02-MAY-17,"protocol"
"201512230727103670.58801","P007426","109.135.17.73",02-MAY-17,"protocol"
"201512230727103680.13783","P007668","87.66.20.127",02-MAY-17,"protocol"
"201512230727103700.60914","P116700","77.241.91.4",02-MAY-17,"protocol"
"201512230727103730.23177","P007548","91.183.57.126",02-MAY-17,"protocol"
"201512230727103750.86053","P007669","81.244.249.115",28-APR-17,"protocol"
"201512230727103770.15190","P005481","91.183.220.253",02-MAY-17,"protocol"
"201512230727103800.57157","P120754","91.183.88.197",02-MAY-17,"protocol"
"201512230727103820.68161","P007662","81.82.212.13",02-MAY-17,"protocol"
"201512230727103840.12224","P007664","91.183.111.69",02-MAY-17,"protocol"
"201512230727103870.08618","P015953","81.241.225.100",02-MAY-17,"protocol"
"201512230727103890.50046","P007545","81.246.28.189",02-MAY-17,"protocol"
"201512230727103910.10379","P004034","81.247.25.97",02-MAY-17,"protocol"
"201512230727104010.35089","P004273","212.76.227.59",02-MAY-17,"protocol"
"201512230727104060.95609","P003873","81.82.251.58",02-MAY-17,"protocol"
"201512230727104140.65108","P000001","10.233.2.66",02-MAY-17,"protocol"
"201512230727104160.43701","P000001","10.233.2.112",02-MAY-17,"protocol"
"201512230727104250.60519","P003751","81.82.245.27",02-MAY-17,"protocol"
"201512230727104290.60918","P007679","81.243.246.92",02-MAY-17,"protocol"
"201512230727104320.80942","P007436","87.66.10.233",02-MAY-17,"protocol"
"201512230727104340.58577","P007557","81.82.229.98",02-MAY-17,"protocol"
"201512230727104420.75482","P007671","91.183.81.201",02-MAY-17,"protocol"
"201512230727104450.98350","P007671","91.183.117.116",02-MAY-17,"protocol"
"201512230727104530.73172","P116594","78.41.71.139",02-MAY-17,"protocol"
"201512230727104560.52644","P012115","91.183.96.115",02-MAY-17,"protocol"
"201512230727104600.04810","P007551","194.78.217.7",02-MAY-17,"protocol"
"201512230727104630.38350","P007674","87.66.1.158",02-MAY-17,"protocol"
"201512230727104650.17963","P017129","109.135.8.24",02-MAY-17,"protocol"
"201512230727104670.52878","P005255","91.183.32.22",02-MAY-17,"protocol"
"201512230727104700.21210","P007435","81.244.252.77",02-MAY-17,"protocol"
"201512230727104720.05857","P007556","62.197.78.54",02-MAY-17,"protocol"
"201512230727104740.92093","P008524","212.76.227.59",02-MAY-17,"protocol"
"201512230727104780.48301","P117563","62.182.56.119",02-MAY-17,"protocol"
"201512230727104790.15176","P007313","91.183.6.124",02-MAY-17,"protocol"
"201512230727104850.65166","P008085","81.83.1.33",02-MAY-17,"protocol"
"201512230727104890.13256","P016959","81.243.242.245",02-MAY-17,"protocol"
"201512230727104940.02260","P003767","212.76.227.59",02-MAY-17,"protocol"
"201512230727104960.88888","P124893","37.19.13.2",02-MAY-17,"protocol"
"201512230727104980.59498","P003762","80.200.250.238",02-MAY-17,"protocol"
"201512230727105000.31112","P007449","81.82.222.7",02-MAY-17,"protocol"
"201512230727105050.35947","P007561","217.136.239.194",02-MAY-17,"protocol"
"201512230727105070.98365","P004050","212.76.227.59",02-MAY-17,"protocol"
"201512230727105100.32478","P004291","87.66.16.31",02-MAY-17,"protocol"
"201512230727105120.63064","P007684","81.83.0.55",02-MAY-17,"protocol"
"201512230727105160.08995","P012107","81.82.254.136",02-MAY-17,"protocol"
"201512230727105190.55636","P007683","91.183.96.5",02-MAY-17,"protocol"
"201512230727105210.01930","P007444","217.136.230.171",02-MAY-17,"protocol"
"201512230727105240.29342","P007564","81.241.226.219",02-MAY-17,"protocol"
"201512230727105280.19738","P007567","91.183.226.168",02-MAY-17,"protocol"
"201512230727105300.38164","P007324","91.183.80.232",02-MAY-17,"protocol"
"201512230727105350.86836","P004177","212.76.227.59",02-MAY-17,"protocol"
"201512230727105370.78473","P004175","83.101.5.57",02-MAY-17,"protocol"
"201512230727105400.89305","P010964","212.76.227.59",02-MAY-17,"protocol"
"201512230727105440.83568","P127805","91.183.91.48",28-APR-17,"protocol"
"201512230727105510.72196","P003939","81.83.19.39",02-MAY-17,"protocol"
"201512230727105570.70764","P007977","91.183.91.194",02-MAY-17,"protocol"
"201512230727105610.54751","P003935","212.76.227.59",02-MAY-17,"protocol"
"201512230727105660.19838","P040569","81.82.194.138",02-MAY-17,"protocol"
"201512230727105680.76434","P007972","91.183.199.231",02-MAY-17,"protocol"
"201512230727105710.13234","P015127","212.76.227.59",02-MAY-17,"protocol"
"201512230727105860.83650","P126426","87.66.3.62",02-MAY-17,"protocol"
"201512230727105880.04039","P126426","194.158.21.134",02-MAY-17,"protocol"
"201512230727105900.90305","P139290","91.183.197.120",02-MAY-17,"protocol"
"201512230727105950.45333","P003823","91.183.68.12",02-MAY-17,"protocol"
"201512230727106010.75861","P077036","91.183.2.40",28-APR-17,"protocol"
"201512230727106060.04086","P007503","212.71.24.117",02-MAY-17,"protocol"
"201512230727106080.83897","P007986","87.66.26.96",02-MAY-17,"protocol"
"201512230727106100.12471","P020944","81.243.251.102",02-MAY-17,"protocol"
"201512230727106130.56237","P007502","212.68.200.15",02-MAY-17,"protocol"
"201512230727106150.39921","P016320","81.243.240.14",02-MAY-17,"protocol"
"201512230727106200.64978","P039460","81.244.249.24",02-MAY-17,"protocol"
"201512230727106220.64456","P007506","81.82.222.7",02-MAY-17,"protocol"
"201512230727106240.99902","P003948","81.82.232.62",02-MAY-17,"protocol"
"201512230727106320.63643","P070880","81.241.251.95",02-MAY-17,"protocol"
"201512230727106360.37060","P003825","109.135.9.28",02-MAY-17,"protocol"
"201512230727106380.99883","P007980","87.66.3.89",02-MAY-17,"protocol"
"201512230727106400.01535","P039589","91.183.222.67",02-MAY-17,"protocol"
"201512230727106440.24056","P035669","91.183.80.229",02-MAY-17,"protocol"
"201512230727106500.49033","P012648","212.76.227.59",02-MAY-17,"protocol"
"201512230727106540.91574","P003714","194.78.201.33",02-MAY-17,"protocol"
"201512230727106580.22140","P122286","194.158.21.131",02-MAY-17,"protocol"
"201512230727106600.15281","P007998","81.241.224.38",02-MAY-17,"protocol"
"201512230727106650.96382","P016595","212.76.227.59",02-MAY-17,"protocol"
"201512230727106680.81132","P016596","81.83.8.38",02-MAY-17,"protocol"
"201512230727106720.04076","P003719","217.136.226.30",02-MAY-17,"protocol"
"201512230727106740.93420","P018652","212.76.227.59",02-MAY-17,"protocol"
"201512230727106790.65702","P163192","194.78.86.114",29-APR-17,"protocol"
"201512230727106810.22813","P007518","87.66.14.248",02-MAY-17,"protocol"
"201512230727106830.41384","P018650","212.76.227.59",02-MAY-17,"protocol"
"201512230727106870.05952","P007517","87.66.6.243",02-MAY-17,"protocol"
"201512230727106890.05390","P004922","91.183.33.194",02-MAY-17,"protocol"
"201512230727106910.02972","P128260","62.213.195.4",02-MAY-17,"protocol"
"201512230727106970.32564","P007990","87.66.9.119",02-MAY-17,"protocol"
"201512230727107030.81893","P088649","91.183.2.133",02-MAY-17,"protocol"
"201512230727107050.69028","P007994","109.135.14.166",02-MAY-17,"protocol"
"201512230727107070.20904","P063424","81.244.252.24",02-MAY-17,"protocol"
"201512230727107120.27356","P004242","212.76.227.59",02-MAY-17,"protocol"
"201512230727107160.61709","P004240","212.76.227.59",02-MAY-17,"protocol"
"201512230727107300.95185","P128258","212.68.203.203",02-MAY-17,"protocol"
"201512230727107390.58001","P020960","91.183.69.65",02-MAY-17,"protocol"
"201512230727107520.73274","P148123","194.78.86.114",29-APR-17,"protocol"
"201512230727107560.27598","P016343","81.83.14.149",02-MAY-17,"protocol"
"201512230727107670.33321","P003728","91.183.96.132",02-MAY-17,"protocol"
"201512230727107680.68138","P003968","217.136.231.207",02-MAY-17,"protocol"
"201512230727107720.13077","P003726","81.243.242.185",02-MAY-17,"protocol"
"201512230727107750.15462","P007409","62.197.78.218",02-MAY-17,"protocol"
"201512230727107830.84348","P018649","87.66.25.169",02-MAY-17,"protocol"
"201512230727107880.90649","P015812","81.243.240.28",02-MAY-17,"protocol"
"201512230727107950.68361","P016349","81.83.20.184",02-MAY-17,"protocol"
"201512230727107980.52471","P007401","91.183.232.2",02-MAY-17,"protocol"
"201512230727108010.28803","P040550","91.183.85.148",02-MAY-17,"protocol"
"201512230727108060.13131","P004253","217.136.231.206",02-MAY-17,"protocol"
"201512230727108090.47933","P021490","217.136.230.54",02-MAY-17,"protocol"
"201512230727108110.78296","P021321","81.83.8.148",02-MAY-17,"protocol"
"201512230727108190.40349","P023860","217.136.229.168",02-MAY-17,"protocol"
"201512230727108230.04858","P048246","91.183.54.253",02-MAY-17,"protocol"
"201512230727108240.37395","P004665","81.240.248.138",02-MAY-17,"protocol"
"201512230727108320.64179","P008107","84.233.252.14",02-MAY-17,"protocol"
"201512230727108460.87540","P016418","81.82.242.245",02-MAY-17,"protocol"
"201512230727078800.40879","OA29KSCC","10.233.2.112",02-MAY-17,"egames"
"201512230727079130.13788","OB26GOLD","212.166.10.131",02-MAY-17,"egames"
"201512230727079150.98096","OF9BINGO","213.200.103.2",02-MAY-17,"egames"
"201512230727079170.42347","OB21CASI","5.149.136.2",02-MAY-17,"egames"
"201512230727079220.92669","OB4MAGIC","194.78.20.162",02-MAY-17,"egames"
"201512230727079240.00831","OA7CASIN","84.17.131.170",02-MAY-17,"egames"
"201512230727079280.47414","OA7CASIN","84.17.131.173",02-MAY-17,"egames"
"201512230727079300.42128","OF8BETFI","212.166.46.200",02-MAY-17,"egames"
"201512230727079370.58069","OF461GOL","212.166.10.131",02-MAY-17,"egames"
"201512230727079650.88928","OB11PALL","188.93.156.181",01-MAY-17,"egames"
"201512230727079720.54392","OB11PALL","188.93.156.179",02-MAY-17,"egames"
"201512230727079750.61105","OB11PALL","188.93.156.183",02-MAY-17,"egames"
"201512230727079860.83692","OF40BWIN","93.191.192.5",02-MAY-17,"egames"
"201512230727079960.11202","OB2GOLDE","194.78.59.68",02-MAY-17,"egames"
"201512230727080000.11997","OB2GOLDE","109.69.217.23",02-MAY-17,"egames"
"201512230727080020.61493","OF441CIR","212.166.55.47",02-MAY-17,"egames"
"201512230727080080.32741","OB482RED","188.93.158.51",02-MAY-17,"egames"
"201512230727080160.91680","OF38ELOT","188.64.232.109",02-MAY-17,"egames"
"201512230727080180.56999","OB1236WI","188.93.154.40",02-MAY-17,"egames"
"201512230727080220.13201","OB1236WI","188.93.154.34",02-MAY-17,"egames"
"201512230727080280.44635","OB6CIRCU","212.166.55.47",02-MAY-17,"egames"
"201512230727101210.16974","P007337","217.136.231.95",02-MAY-17,"protocol"
"201512230727101250.45894","P013460","91.183.92.80",02-MAY-17,"protocol"
"201512230727101330.53765","P004986","109.135.10.18",02-MAY-17,"protocol"
"201512230727101400.10892","P016976","91.183.37.62",02-MAY-17,"protocol"
"201512230727101460.20142","P007575","194.78.219.121",02-MAY-17,"protocol"
"201512230727101480.85204","P008543","91.183.85.90",02-MAY-17,"protocol"
"201512230727101510.14842","P007577","91.183.222.69",02-MAY-17,"protocol"
"201512230727101530.62199","P003892","217.136.241.193",02-MAY-17,"protocol"
"201512230727101560.50277","P119162","195.72.132.211",02-MAY-17,"protocol"
"201512230727101580.64430","P003890","212.76.227.59",02-MAY-17,"protocol"
"201512230727101600.86152","P124887","37.19.13.2",02-MAY-17,"protocol"
"201512230727101670.20669","P007348","91.183.126.38",02-MAY-17,"protocol"
"201512230727101720.57371","P116584","212.166.8.56",02-MAY-17,"protocol"
"201512230727101770.00682","P007918","81.83.0.217",02-MAY-17,"protocol"
"201512230727101880.48352","P021540","81.82.240.225",02-MAY-17,"protocol"
"201512230727101900.19127","P003318","81.241.252.90",02-MAY-17,"protocol"
"201512230727101950.11449","P003315","91.183.34.54",02-MAY-17,"protocol"
"201512230727101970.68186","P023600","87.66.16.7",02-MAY-17,"protocol"
"201512230727102010.31140","P263397","81.244.249.192",02-MAY-17,"protocol"
"201512230727102150.31222","P120148","84.199.77.250",02-MAY-17,"protocol"
"201512230727102190.99660","P117763","109.135.1.222",02-MAY-17,"protocol"
"201512230727102210.63199","P007355","91.183.90.108",02-MAY-17,"protocol"
"201512230727102240.50086","P116431","178.208.45.26",02-MAY-17,"protocol"
"201512230727102280.27444","P007478","217.136.240.212",02-MAY-17,"protocol"
"201512230727102320.59292","P263394","91.183.221.101",02-MAY-17,"protocol"
"201512230727102370.55006","P019212","81.240.250.55",02-MAY-17,"protocol"
"201512230727102390.86304","P003322","91.183.132.42",02-MAY-17,"protocol"
"201512230727102410.25289","P052255","87.66.20.135",02-MAY-17,"protocol"
"201512230727102440.88363","P007363","87.66.16.187",02-MAY-17,"protocol"
"201512230727102460.78700","P007365","91.183.36.62",02-MAY-17,"protocol"
"201512230727102480.58509","P004092","81.82.197.78",02-MAY-17,"protocol"
"201512230727102490.46536","P007367","80.200.250.20",02-MAY-17,"protocol"
"201512230727102570.52683","P004652","81.240.249.110",02-MAY-17,"protocol"
"201512230727102610.23646","P007480","87.66.20.142",02-MAY-17,"protocol"
"201512230727102660.93813","P007360","91.183.91.247",02-MAY-17,"protocol"
"201512230727102720.76654","P003976","81.247.25.4",02-MAY-17,"protocol"
"201512230727102800.50293","P011919","91.183.92.36",02-MAY-17,"protocol"
"201512230727102820.59394","P004028","91.183.132.43",02-MAY-17,"protocol"
"201512230726545200.46311","LB003866","91.183.71.53",02-MAY-17,"epis"
"201512230726545710.74426","LB019490","81.82.206.164",02-MAY-17,"epis"
"201512230726546170.88021","LB004550","91.183.41.238",02-MAY-17,"epis"
"201512230726546580.03362","LB008114","212.166.45.229",02-MAY-17,"epis"
"201512230726546980.15140","LB004273","212.76.227.59",02-MAY-17,"epis"
"201512230726547130.23266","LB004034","81.247.25.97",02-MAY-17,"epis"
"201512230726547460.75850","LB004279","81.243.243.139",02-MAY-17,"epis"
"201512230726548920.99942","LB010964","212.76.227.59",02-MAY-17,"epis"
"201512230726549260.81594","LB012107","81.82.254.136",02-MAY-17,"epis"
"201512230726549500.42208","LB003911","212.76.227.59",02-MAY-17,"epis"
"201512230726549920.32043","LB003913","91.183.221.55",02-MAY-17,"epis"
"201512230726550020.20773","LB005255","91.183.32.22",02-MAY-17,"epis"
"201512230726550210.92683","LB021321","81.83.8.148",02-MAY-17,"epis"
"201512230726550300.03781","LB004687","81.82.194.112",02-MAY-17,"epis"
"201512230726550960.98413","LB003873","81.82.251.58",02-MAY-17,"epis"
"201512230726551060.89779","LB008524","212.76.227.59",02-MAY-17,"epis"
"201512230726551140.69482","LB003751","81.82.245.27",02-MAY-17,"epis"
"201512230726551300.88599","LB016933","217.136.226.218",02-MAY-17,"epis"
"201512230726551380.68202","LB020228","81.82.223.3",02-MAY-17,"epis"
"201512230726551460.08785","LB016418","81.82.242.245",02-MAY-17,"epis"
"201512230726551650.39262","LB019763","194.78.170.124",02-MAY-17,"epis"
"201512230726551720.78724","LB003909","212.76.227.59",02-MAY-17,"epis"
"201512230726551890.66841","LB016377","212.76.227.59",02-MAY-17,"epis"
"201512230726552040.94757","LB016379","81.83.3.17",02-MAY-17,"epis"
"201512230726552240.78563","LB019352","212.76.227.59",02-MAY-17,"epis"
"201512230726552310.16785","LB019353","81.241.252.93",02-MAY-17,"epis"
"201512230726552440.28563","OB22MAGI","212.166.55.43",02-MAY-17,"epis"
"201512230726552500.34650","LA000001","10.233.2.66",02-MAY-17,"epis"
"201512230726552650.82278","LA000001","10.233.2.112",02-MAY-17,"epis"
"201512230726552720.25389","LB003968","217.136.231.207",02-MAY-17,"epis"
"201512230726552800.50801","LB003726","81.243.242.185",02-MAY-17,"epis"
"201512230726552870.41443","LB004253","217.136.231.206",02-MAY-17,"epis"
"201512230726552940.25303","LB020225","81.82.223.3",02-MAY-17,"epis"
"201512230726553080.11600","LB040550","91.183.85.148",02-MAY-17,"epis"
"201512230726553320.42131","LB004652","81.240.249.110",02-MAY-17,"epis"
"201512230726553430.85830","LB003322","91.183.132.42",02-MAY-17,"epis"
"201512230726553640.54477","LB015953","81.241.225.100",02-MAY-17,"epis"
"201512230726553710.41139","LB004092","81.82.197.78",02-MAY-17,"epis"
"201512230726553880.59856","LB012285","91.183.225.77",02-MAY-17,"epis"
"201512230726554010.51334","LB019918","81.82.246.56",02-MAY-17,"epis"
"201512230726554300.99211","LB003719","217.136.226.30",02-MAY-17,"epis"
"201512230726554460.91414","LA008085","81.83.1.33",02-MAY-17,"epis"
"201512230726554530.30597","LB016401","81.82.201.230",02-MAY-17,"epis"
"201512230726554590.31168","LB004028","91.183.132.42",02-MAY-17,"epis"
"201512230726554650.68971","LB003976","81.247.25.4",02-MAY-17,"epis"
"201512230726554860.12125","LB003979","91.183.88.176",02-MAY-17,"epis"
"201512230726555110.33119","LB004022","212.76.227.59",02-MAY-17,"epis"
"201512230726555160.80821","LB021540","81.82.240.225",02-MAY-17,"epis"
"201512230726555270.53979","LB004665","81.240.248.138",02-MAY-17,"epis"
"201512230726555300.22067","LB004266","91.183.82.210",02-MAY-17,"epis"
"201512230726555410.67265","LB004261","212.76.227.59",02-MAY-17,"epis"
"201512230726555500.65615","LA008110","82.143.121.74",02-MAY-17,"epis"
"201512230726555550.36174","LB003728","91.183.96.132",02-MAY-17,"epis"
"201512230726555810.47948","LB016596","81.83.8.38",02-MAY-17,"epis"
"201512230726555870.86712","LB016595","212.76.227.59",02-MAY-17,"epis"
"201512230726556040.17071","LA008107","84.233.252.14",02-MAY-17,"epis"
"201601080300048720.69777","LB016377","81.246.28.188",02-MAY-17,"epis"
"201601080300050090.56956","LB004022","81.246.28.188",02-MAY-17,"epis"
"201601080300051640.40014","LB004240","81.246.28.188",02-MAY-17,"epis"
"201601080300053930.38006","LB003909","81.246.28.188",02-MAY-17,"epis"
"201601070705175500.12406","LB004274","212.76.227.59",02-MAY-17,"epis"
"201601070705410590.32920","-","66.240.236.119",28-APR-17,"epis"
"201512311231422180.06766","OB1236WI","188.93.154.36",02-MAY-17,"egames"
"201512311231445070.71234","P001083","91.183.91.75",02-MAY-17,"protocol"
"201512311232349330.40400","-","216.218.206.66",28-APR-17,"egames"
"201512311232595650.57717","-","74.82.47.2",29-APR-17,"egames"
"201512311638187760.71950","P126088","85.158.210.232",02-MAY-17,"protocol"
"201602120300336120.84416","P007435","2a02:a018:104:e00:227:eff:fe00:e26c",02-MAY-17,"protocol"
"201602190731163230.96062","P004040","212.76.227.59",02-MAY-17,"protocol"
"201601040300254790.43280","P007358","81.245.4.167",02-MAY-17,"protocol"
"201601040300258900.87908","P357384","194.78.208.121",02-MAY-17,"protocol"
"201601070300259070.57449","P330756","81.243.251.223",02-MAY-17,"protocol"
"201601070300260250.15163","P004274","212.76.227.59",02-MAY-17,"protocol"
"201601110300044440.40954","-","184.105.139.67",30-APR-17,"epis"
"201601130300279430.30237","P008109","84.233.252.14",02-MAY-17,"protocol"
"201601140300071210.62726","LA008109","84.233.252.14",02-MAY-17,"epis"
"201601190300058020.72623","LB016872","81.82.202.92",02-MAY-17,"epis"
"201601200300051200.66751","LB004028","91.183.132.43",02-MAY-17,"epis"
"201601200300265430.41233","P016872","81.82.202.92",02-MAY-17,"protocol"
"201601210300368090.98529","P007366","91.183.58.62",02-MAY-17,"protocol"
"201601260300045300.08271","LB004040","212.76.227.59",02-MAY-17,"epis"
"201512230727108480.73217","P007373","87.66.6.253",02-MAY-17,"protocol"
"201512230727108520.81648","P015449","87.66.3.15",02-MAY-17,"protocol"
"201512230727108540.60152","P007378","91.183.2.190",02-MAY-17,"protocol"
"201512230727108580.58431","P007257","91.183.0.198",02-MAY-17,"protocol"
"201512230727108600.80480","P008104","212.166.57.180",02-MAY-17,"protocol"
"201512230727108620.43408","P007930","91.183.223.247",02-MAY-17,"protocol"
"201512230727108660.51804","P122301","194.78.136.64",02-MAY-17,"protocol"
"201512230727108680.07121","P019352","212.76.227.59",02-MAY-17,"protocol"
"201512230727108700.65116","P019353","81.241.252.93",02-MAY-17,"protocol"
"201512230727108740.07036","P064161","91.183.36.109",02-MAY-17,"protocol"
"201512230727108760.80071","P020225","81.82.223.3",02-MAY-17,"protocol"
"201512230727108780.82533","P134751","194.158.21.133",02-MAY-17,"protocol"
"201512230727108840.12847","P117638","37.19.13.2",02-MAY-17,"protocol"
"201512230727108880.81320","P020228","81.82.223.3",02-MAY-17,"protocol"
"201512230727108900.08722","P003909","212.76.227.59",02-MAY-17,"protocol"
"201512230727108920.38725","P012285","91.183.225.77",02-MAY-17,"protocol"
"201512230727108960.51110","P017297","213.181.46.232",02-MAY-17,"protocol"
"201512230727109080.80174","P116428","212.166.8.56",02-MAY-17,"protocol"
"201512230727109100.84684","P019918","81.82.246.56",02-MAY-17,"protocol"
"201512230727109140.59838","P007384","87.65.36.37",02-MAY-17,"protocol"
"201512230727109160.97869","P008110","82.143.121.74",02-MAY-17,"protocol"
"201512230727109240.33591","P008114","212.166.45.229",02-MAY-17,"protocol"
"201512230727109300.52500","P015436","91.183.213.36",02-MAY-17,"protocol"
"201512230727109340.75183","P016401","81.82.201.230",02-MAY-17,"protocol"
"201512230727109390.18761","P004550","91.183.41.238",02-MAY-17,"protocol"
"201512230727109410.45499","P011516","217.136.242.29",02-MAY-17,"protocol"
"201512230727109470.24263","P003911","212.76.227.59",02-MAY-17,"protocol"
"201512230727109490.96406","P004687","81.82.194.112",02-MAY-17,"protocol"
"201512230727109530.59581","P131111","212.71.18.234",02-MAY-17,"protocol"
"201512230727109570.78687","P278178","81.241.251.75",02-MAY-17,"protocol"
"201512230727109610.92983","P007955","91.183.238.136",02-MAY-17,"protocol"
"201512230727109630.14166","P007957","91.183.55.239",02-MAY-17,"protocol"
"201512230727109640.07718","P003913","91.183.221.55",02-MAY-17,"protocol"
"201512230727109700.40994","P007396","87.66.13.6",02-MAY-17,"protocol"
"201512230727109720.68624","P012511","91.183.88.209",02-MAY-17,"protocol"
"201512230727109760.45885","P007397","91.183.36.179",02-MAY-17,"protocol"
"201512230727109780.73334","P008002","217.136.223.182",02-MAY-17,"protocol"
"201512230727109840.70754","P076808","81.82.245.25",02-MAY-17,"protocol"
"201512230727109860.28092","P007270","213.177.73.54",02-MAY-17,"protocol"
"201512230727109940.26722","P020000","212.123.9.50",02-MAY-17,"protocol"
"201512230727109990.07205","P007609","109.88.251.54",01-MAY-17,"protocol"
"201512230727110070.78306","P003920","212.76.227.59",02-MAY-17,"protocol"
"201512230727110110.40205","P117739","62.210.118.97",02-MAY-17,"protocol"
"201512230727110150.03771","P007603","81.82.220.15",02-MAY-17,"protocol"
"201512230727110170.25240","P019490","81.82.206.164",02-MAY-17,"protocol"
"201512230727110230.75621","P007606","91.183.2.130",02-MAY-17,"protocol"
"201512230727110250.69835","P003805","212.76.227.59",02-MAY-17,"protocol"
"201512230727110270.91868","P117734","212.3.237.54",02-MAY-17,"protocol"
"201512230727110330.30436","P116764","212.166.21.66",02-MAY-17,"protocol"
"201512230727110350.07189","P116764","194.158.21.132",02-MAY-17,"protocol"
"201512230727110390.39358","P114102","87.66.3.62",02-MAY-17,"protocol"
"201512230727110430.35867","P007281","81.83.16.67",02-MAY-17,"protocol"
"201512230728065610.18882","LB018650","212.76.227.59",02-MAY-17,"epis"
"201512230728069670.91257","OB14CARO","212.166.10.133",01-MAY-17,"epis"
"201512230728204520.39735","P007371","87.66.3.71",02-MAY-17,"protocol"
"201512230728205100.47168","P167722","217.136.222.134",02-MAY-17,"protocol"
"201512230729486600.39966","P006106","81.241.230.204",02-MAY-17,"protocol"
"201601280300271170.59829","P007999","10.3.0.83,194.78.14.98",02-MAY-17,"protocol"
"201601290300261950.56360","P126361","37.18.184.168",29-APR-17,"protocol"
"201601300300278420.47863","P007345","91.183.105.68",02-MAY-17,"protocol"
"201601300300282680.11126","P123637","2a05:2601:100:1:ca1f:66ff:fec6:63d2",02-MAY-17,"protocol"
"201602040300066130.39858","-","71.6.165.200",30-APR-17,"epis"
"201602040300349840.52285","P007578","10.3.1.83,194.78.14.98",02-MAY-17,"protocol"
"201602040300350230.18340","P007352","10.3.3.83,194.78.14.98",02-MAY-17,"protocol"
"201603180300285540.47140","P017297","192.168.1.101,213.181.46.232",02-MAY-17,"protocol"
"201603180300286020.37298","P011516","192.0.1.254,217.136.242.29",02-MAY-17,"protocol"
"201603190300287490.29709","P003619","10.19.3.10,91.183.126.152",02-MAY-17,"protocol"
"201603190300287880.64319","P004262","10.8.3.10,87.66.20.200",02-MAY-17,"protocol"
"201603190300291760.00179","P023860","192.168.254.10,217.136.229.168",02-MAY-17,"protocol"
"201603220300043690.17023","LB003864","10.19.3.15,91.183.54.64",02-MAY-17,"epis"
"201603220300085120.96821","LB003843","10.19.3.15,81.242.6.82",02-MAY-17,"epis"
"201603220300085770.30087","LB003856","10.19.4.15,109.135.12.51",02-MAY-17,"epis"
"201603220300085910.39909","LB003858","10.19.3.15,91.183.125.71",02-MAY-17,"epis"
"201603220300086090.41690","LB004264","10.2.2.15,213.177.92.162",02-MAY-17,"epis"
"201603220300091630.60146","LB004290","10.2.1.15,213.177.68.137",02-MAY-17,"epis"
"201603220300091950.79115","LB003890","81.246.28.188",02-MAY-17,"epis"
"201603230300199160.50016","OB182SUP","141.138.64.27",02-MAY-17,"egames"
"201603230300224920.66789","P007358","192.168.125.13,81.245.4.167",02-MAY-17,"protocol"
"201603230300225540.32321","P003856","10.19.4.10,109.135.12.51",02-MAY-17,"protocol"
"201603230300225570.73300","P019763","10.21.4.10,194.78.170.124",02-MAY-17,"protocol"
"201603230300225780.41931","P003858","10.19.3.10,91.183.125.71",02-MAY-17,"protocol"
"201603230300225940.19896","P004264","10.2.2.10,213.177.92.162",02-MAY-17,"protocol"
"201603230300226090.98657","P003864","10.19.3.10,91.183.54.64",02-MAY-17,"protocol"
"201603230300226130.07827","P33947","192.168.0.6,213.181.56.78",02-MAY-17,"protocol"
"201603230300226880.71471","P007679","192.168.123.104,81.243.246.92",02-MAY-17,"protocol"
"201603230300227780.09906","P004290","10.2.1.10,213.177.68.137",02-MAY-17,"protocol"
"201603230300228040.22464","P007297","192.168.0.60,81.82.211.162",02-MAY-17,"protocol"
"201603230300228980.29015","P003843","10.19.3.10,81.242.6.82",02-MAY-17,"protocol"
"201603230300230400.52456","P007397","192.168.0.2,91.183.36.179",02-MAY-17,"protocol"
"201603240300089220.29704","LB003929","10.16.6.15,95.182.128.68",02-MAY-17,"epis"
"201603240300089550.08323","LB020592","10.15.8.15,91.183.7.36",02-MAY-17,"epis"
"201603240300090550.27224","OF503MAG","84.199.77.250",02-MAY-17,"epis"
"201603240300242870.62672","P007564","192.168.0.61,81.241.226.219",02-MAY-17,"protocol"
"201603240300245630.92641","P003929","10.16.6.10,95.182.128.68",02-MAY-17,"protocol"
"201603250300083040.66601","LB018865","10.25.2.15,91.183.212.108",02-MAY-17,"epis"
"201603250300084850.81575","LB003320","10.25.1.15,91.183.35.182",02-MAY-17,"epis"
"201603250300222930.86181","OB182SUP","141.138.64.28",02-MAY-17,"egames"
"201602250300273980.64638","OB2GOLDE","2001:41d0:8:e846::1",28-APR-17,"egames"
"201603080710521440.96789","P016863","10.13.16.10,81.83.14.247",02-MAY-17,"protocol"
"201603080711263390.69449","OB28LUCK","212.166.10.135",02-MAY-17,"egames"
"201603080712090000.75309","LB019993","10.11.20.15,109.89.133.186",02-MAY-17,"epis"
"201603080712091120.59478","LB020045","10.11.19.15,91.183.46.52",02-MAY-17,"epis"
"201603080712096360.50627","LB003897","10.13.19.15,91.183.2.2",02-MAY-17,"epis"
"201603080712281630.48936","P020045","10.11.19.10,91.183.46.52",02-MAY-17,"protocol"
"201603090300076480.08296","LB004037","10.16.2.15,91.183.91.97",02-MAY-17,"epis"
"201603090300077980.91406","LB004016","10.13.25.15,81.83.3.178",02-MAY-17,"epis"
"201603090300078480.58589","LB016350","10.10.11.15,91.183.125.70",02-MAY-17,"epis"
"201603090300079440.99894","LB004231","10.22.1.15,109.135.4.216",02-MAY-17,"epis"
"201603090300080360.46247","LB004241","10.16.8.15,91.183.91.96",02-MAY-17,"epis"
"201603090300081340.57264","LB016322","10.11.16.15,91.183.122.4",02-MAY-17,"epis"
"201603090300081470.25424","LB003931","10.13.27.15,81.241.227.237",02-MAY-17,"epis"
"201603090300083710.30284","LB018823","10.11.21.15,81.83.4.182",02-MAY-17,"epis"
"201603090300365890.65979","P003897","10.13.19.10,91.183.2.2",02-MAY-17,"protocol"
"201603090300368400.99492","P003790","10.11.6.10,91.183.1.176",02-MAY-17,"protocol"
"201603090300369580.07706","P019993","10.11.20.10,109.89.133.186",02-MAY-17,"protocol"
"201603090300369710.27918","P004037","10.16.2.10,91.183.91.97",02-MAY-17,"protocol"
"201603090300371460.55058","P003931","10.13.27.10,81.241.227.237",02-MAY-17,"protocol"
"201603090300371870.91834","P016322","10.11.16.10,91.183.122.4",02-MAY-17,"protocol"
"201603090300372660.58877","P004241","10.16.8.10,91.183.91.96",02-MAY-17,"protocol"
"201603090300372790.49288","P004016","10.13.25.10,81.83.3.178",02-MAY-17,"protocol"
"201603100300075590.99250","LB003863","10.10.2.15,84.193.21.26",02-MAY-17,"epis"
"201603100300078580.12304","LB016378","10.13.14.15,81.82.202.126",02-MAY-17,"epis"
"201603100300080460.97874","LB020044","10.13.22.15,81.82.193.223",02-MAY-17,"epis"
"201603100300081300.14447","LB003827","10.1.5.15,91.183.6.117",02-MAY-17,"epis"
"201603100300081520.44908","LB003802","10.11.1.15,109.135.4.160",02-MAY-17,"epis"
"201603100300082150.05389","LB018281","10.13.17.15,94.224.135.98",02-MAY-17,"epis"
"201603100300082600.64050","LB018393","10.11.12.15,178.118.78.93",02-MAY-17,"epis"
"201603100300084890.70702","LB003300","10.11.9.15,80.201.247.30",02-MAY-17,"epis"
"201603100300085330.54564","LB003790","10.11.6.15,91.183.1.176",02-MAY-17,"epis"
"201603100300086520.48319","LB016958","10.10.4.15,87.66.12.247",02-MAY-17,"epis"
"201603100300381330.69387","P003300","10.11.9.10,80.201.247.30",02-MAY-17,"protocol"
"201603100300384150.76399","P004231","10.22.1.10,109.135.4.216",02-MAY-17,"protocol"
"201603100300384410.13775","P016350","10.10.11.10,91.183.125.70",02-MAY-17,"protocol"
"201603100300385070.40052","P018393","10.11.12.10,178.118.78.93",02-MAY-17,"protocol"
"201603100300385800.10208","P018823","10.11.21.10,81.83.4.182",02-MAY-17,"protocol"
"201603100300386050.20307","P007396","10.1.0.101,87.66.13.6",02-MAY-17,"protocol"
"201603100300386220.38335","P003802","10.11.1.10,109.135.4.160",02-MAY-17,"protocol"
"201603150723147290.71192","LB020637","10.13.24.15,81.82.200.56",02-MAY-17,"epis"
"201603150723323550.19877","LB019471","10.13.20.15,81.83.3.154",02-MAY-17,"epis"
"201603150723482060.40501","P016378","10.13.14.10,81.82.202.126",02-MAY-17,"protocol"
"201603150723482600.66308","P003863","10.10.2.10,84.193.21.26",02-MAY-17,"protocol"
"201603150723483500.33839","P016958","10.10.4.10,87.66.12.247",02-MAY-17,"protocol"
"201603150723485490.99952","P003827","10.1.5.10,91.183.6.117",02-MAY-17,"protocol"
"201603150723486390.17860","P020044","10.13.22.10,81.82.193.223",02-MAY-17,"protocol"
"201603150723486640.87263","P016343","192.168.17.3,81.83.14.149",02-MAY-17,"protocol"
"201603150723488010.51077","P019471","10.13.20.10,81.83.3.154",02-MAY-17,"protocol"
"201603150723489100.62504","P018281","10.13.17.10,94.224.135.98",02-MAY-17,"protocol"
"201603160808593130.33908","LB004281","10.21.3.15,91.183.7.50",02-MAY-17,"epis"
"201603160808593310.58709","LB012213","10.21.2.15,91.183.7.52",02-MAY-17,"epis"
"201603160808595410.11331","LB018408","10.11.11.15,91.183.7.51",02-MAY-17,"epis"
"201603160808595660.90870","LB003817","10.11.4.15,109.135.7.223",02-MAY-17,"epis"
"201603160809142420.59508","P020637","10.13.24.10,81.82.200.56",02-MAY-17,"protocol"
"201603160809144860.60105","P007998","192.168.0.5,81.241.224.38",01-MAY-17,"protocol"
"201603170300253660.93822","P012213","10.21.2.10,91.183.7.52",02-MAY-17,"protocol"
"201603170300255020.95816","P004281","10.21.3.10,91.183.7.50",02-MAY-17,"protocol"
"201603170300256430.39638","P003817","10.11.4.10,109.135.7.223",02-MAY-17,"protocol"
"201603170300256540.59080","P007973","212.166.54.55",02-MAY-17,"protocol"
"201603170300257610.40677","P018408","10.11.11.10,91.183.7.51",02-MAY-17,"protocol"
"201603030300333440.95074","P130073","91.183.107.44",02-MAY-17,"protocol"
"201603040300069320.65585","LB016863","10.13.16.15,81.83.14.247",02-MAY-17,"epis"
"201603180300076230.55239","LB003619","10.19.3.15,91.183.126.152",02-MAY-17,"epis"
"201603180300078270.80914","LB004262","10.8.3.15,87.66.20.200",02-MAY-17,"epis"
"201603180300080990.31474","OB28LUCK","212.166.10.135",02-MAY-17,"epis"
"201603180300280050.60532","P007352","10.3.8.83,194.78.14.98",02-MAY-17,"protocol"
"201603180300282320.59214","P007449","192.0.2.250,81.82.222.7",02-MAY-17,"protocol"
"201603180300283210.27818","P007506","10.0.1.250,81.82.222.7",02-MAY-17,"protocol"
"201604190300086320.90036","LB003935","81.246.28.188",02-MAY-17,"epis"
"20160427030029676cBxokWfcIQaqRDaoONJ","P003968","212.166.56.25",02-MAY-17,"protocol"
"20160429030027842vfCKhKcQodQBAHOhhDv","P007270","192.168.2.25,213.177.73.54",02-MAY-17,"protocol"
"20160505030011117dRXAhKAgGxhCpKzSYmT","LB004990","212.76.227.59",02-MAY-17,"epis"
"20160506030026658dTQxpUMKApLswsEioWT","P004990","212.76.227.59",02-MAY-17,"protocol"
"20160525030013615UuVHwyVmHteXuJUWrOO","LB020636","81.82.216.83",02-MAY-17,"epis"
"20160527030046867rvNRiqfltOILDITQhjX","P007343","192.168.254.57,213.211.161.28",02-MAY-17,"protocol"
"20160527030046869tsXnuCttDzPySvPZxXy","P007343","213.211.161.28",02-MAY-17,"protocol"
"20160602030045706gDSfdNBnDlgSJXurkTD","OF241TIP","91.221.11.158",02-MAY-17,"egames"
"20160603030041042pwnSSjWtbYbJtrMxLRr","OB182SUP","141.138.64.26",02-MAY-17,"egames"
"20160604030047408JaGQcyjkVLTftsgibpU","P007417","192.168.1.101,178.118.151.14",02-MAY-17,"protocol"
"20160605030012430ZWIXmUjWuwSNtUEHrfb","LB003888","212.76.245.175",02-MAY-17,"epis"
"20160504030028090btlqaFHsfpiHOeuDtOs","P039692","212.76.227.59",02-MAY-17,"protocol"
"20160511030024212cCPOdddaKFZhRVBUSZl","OB422BET","212.166.62.139",02-MAY-17,"egames"
"20160511030027377JTERahklhHxzIUoYhEH","P116799","185.9.100.23",02-MAY-17,"protocol"
"20160511075204502aaPBtHvYwijOPVOJlna","LOAD_BALANCER","192.168.123.3",02-MAY-17,"epis"
"20160511075233798uUGPoxqNcUOSmbAZnXO","LOAD_BALANCER","192.168.123.3",02-MAY-17,"egames"
"20160511075240202RKTkAJjTmdvvMQtCnyi","LOAD_BALANCER","192.168.123.3",02-MAY-17,"protocol"
"20160512030011947RnTKMkypziwFkcJSqVK","CENTREON","10.233.2.66",02-MAY-17,"epis"
"20160512030038082HzwQaPbjBVujJDPioXc","CENTREON","10.233.2.66",02-MAY-17,"egames"
"20160512030044247yKlNsHfoIYJYsnfZnuP","CENTREON","10.233.2.66",02-MAY-17,"protocol"
"20160518030011151VvbGTMAYkcsEIgnRclk","-","71.6.146.186",01-MAY-17,"epis"
"20160606030048160ZzTWcAYAXRGIYboBrqx","P116594","195.78.98.4",02-MAY-17,"protocol"
"20160606030048212JuTMjKralzGVKdSZRuJ","P003888","212.76.245.175",02-MAY-17,"protocol"
"20160608030049181JRABTDmiPDBdbqHDUBr","P007999","10.3.5.83,194.78.14.98",02-MAY-17,"protocol"
"20160615030058612COraoVwLNTAGSCCOgqf","OB2GOLDE","212.76.227.59",28-APR-17,"egames"
"20160511074816804XOaKHZYtRGIeEticNan","LOAD_BALANCER","192.168.123.2",02-MAY-17,"epis"
"20160511074847607qmuVjKVaTjalFlBcZpp","LOAD_BALANCER","192.168.123.2",02-MAY-17,"egames"
"20160511074854920URMmSfgAGjCwrnKDbWH","LOAD_BALANCER","192.168.123.2",02-MAY-17,"protocol"
"20160615030105765OWVZiWOdDISiGnkjcNm","P020636","81.82.216.83",02-MAY-17,"protocol"
"20160616030053253uRcavSqjIptlTIAhhkw","OF241TIP","91.221.10.122",02-MAY-17,"egames"
"20160623030019693PZWKtKcuneuzbFKceAn","LB004910","10.10.6.15,81.241.235.49",02-MAY-17,"epis"
"20160624030049156DybOBzuRZxVenXotfWV","P004910","10.10.6.10,81.241.235.49",02-MAY-17,"protocol"
"201603250300253770.66354","P020592","10.15.8.10,91.183.7.36",02-MAY-17,"protocol"
"201603260300080880.30177","LB003971","10.15.1.15,91.183.99.91",02-MAY-17,"epis"
"201603260300083320.40917","LB012848","10.15.3.15,91.183.97.239",02-MAY-17,"epis"
"201603260300086430.22188","LB003882","10.15.3.15,91.183.83.172",02-MAY-17,"epis"
"201603260300247620.43501","P007337","192.168.0.101,217.136.231.95",02-MAY-17,"protocol"
"201603260300248870.62844","P003320","10.25.1.10,91.183.35.182",02-MAY-17,"protocol"
"201603260300252100.97710","P018865","10.25.2.10,91.183.212.108",02-MAY-17,"protocol"
"201603270300241080.87230","P003971","10.15.1.10,91.183.99.91",02-MAY-17,"protocol"
"201603270300246060.60154","P012848","10.15.3.10,91.183.97.239",02-MAY-17,"protocol"
"201603300300274620.65516","P003882","10.15.3.9,91.183.83.172",02-MAY-17,"protocol"
"201603310300244990.59086","P007662","192.168.19.14,81.82.212.13",02-MAY-17,"protocol"
"201604060300083700.04803","LB004290","10.2.1.16,213.177.68.137",28-APR-17,"epis"
"20160907030014925VTedHLTkIRjYDJGPEUR","LB005652","94.226.110.14",02-MAY-17,"epis"
"20160907030039683fSkbrOABuWyeCwHknwD","OF241TIP","91.221.11.95",02-MAY-17,"egames"
"20160921030054450cGNzdoiHfrgGzUPdBeH","P018582","10.10.7.10,81.82.238.78",02-MAY-17,"protocol"
"20161004030026347UXObLmYcSvkCKKCFNQV","LB016351","10.19.3.15,81.241.225.98",02-MAY-17,"epis"
"20160920030014965VnYGdytDuVFIHCebfEk","LB018582","10.10.7.15,81.82.238.78",02-MAY-17,"epis"
"20160922030014105AUDaFVZbYbSjgwqMUAU","LA008112","82.212.142.196",02-MAY-17,"epis"
"20160922030056298JSAhHvCpInmVENrutXf","P008112","82.212.142.196",02-MAY-17,"protocol"
"20160923030054535cxlDFaMyFyQwqHfyZkX","P007400","212.68.200.8",02-MAY-17,"protocol"
"20161005030102497JkwXKmOIRXXRMAfKnam","P016351","10.19.3.10,81.241.225.98",02-MAY-17,"protocol"
"20161005030102518blDwipGZVqMiRZppTuV","P007994","192.168.1.3,109.135.14.166",02-MAY-17,"protocol"
"20160707030052152sACpacHiRyqkYEYNrVg","P382554","81.241.248.145",02-MAY-17,"protocol"
"20161009030114316HpPoIbrgVtjolujjhFq","P015449","192.168.101.20,87.66.3.15",02-MAY-17,"protocol"
"20160908030011997SCrABvJhtEHGgYWVBKz","LB004250","87.66.8.77",02-MAY-17,"epis"
"20160908030041392iXtPHZgleudLEZIvjBW","P005652","94.226.110.14",02-MAY-17,"protocol"
"20160909030040085oTANQDwSqXJZpXmokRV","P004250","87.66.8.77",02-MAY-17,"protocol"
"20161015030016877iyakydJkLMzeiADDPYD","LA065721","109.88.185.181",02-MAY-17,"epis"
"20161015030059706IqcJwoKtWlJLKfaozDc","P065721","109.88.185.181",02-MAY-17,"protocol"
"20160808110738863hdIRGlcBVXHAsvYAKjH","P130936","217.136.242.29",02-MAY-17,"protocol"
"20160809030033868SCrkrKvWZfgreBeTBDE","OF321BET","213.246.231.156",02-MAY-17,"egames"
"20160817030042676TatoshzNBZahcCjeGjW","OB3NAPOL","185.77.12.18",02-MAY-17,"egames"
"20160826030011179XchYwawHmPFaLEbtlJX","LB004271","212.76.227.59",02-MAY-17,"epis"
"20160808105555811sTPQUXelSyCFanxhZIu","P003940","81.82.224.153",02-MAY-17,"protocol"
"20160808105733125SnjWUeNNcXkeuxrYAhO","LB012492","91.183.90.74",02-MAY-17,"epis"
"20160808105825445OYAjJenFmzXrzGciWAW","P012492","91.183.90.74",02-MAY-17,"protocol"
"20160808105836502WAlVaHghWTKsmtsfMOG","LB004050","81.246.28.188",02-MAY-17,"epis"
"20160808110044975JKUhpekGiJJEcLCUpxp","LB004031","91.183.3.240",02-MAY-17,"epis"
"20160808110142540RhVMYDztncnPEdDBInK","P004031","91.183.3.240",02-MAY-17,"protocol"
"20160831084258502bhgtGyydBQdBvGyyylW","OF35NAPO","2a05:5f40::21",02-MAY-17,"egames"
"20160831084258506eNgiSOcmfnSEBRQNeRd","OF35NAPO","2a05:5f40::20",02-MAY-17,"egames"
"20160831084258522oIdYdXfVGflliUppuSE","OF35NAPO","2a05:5f40::25",02-MAY-17,"egames"
"20160831084258527OvTfxxvtKinKWeGBENw","OF35NAPO","2a05:5f40::23",02-MAY-17,"egames"
"20160831084258529udlXHUGnzeeJUKrclAA","OF35NAPO","185.77.12.18",02-MAY-17,"egames"
"20160831084258587XTaitoQlyvEsBsFvcHZ","OB3NAPOL","2a05:5f40::21",02-MAY-17,"egames"
"20160831084258605zfjcalYMHIhghrRTGEl","OB3NAPOL","2a05:5f40::23",02-MAY-17,"egames"
"20160901030035884iUwqlNttTzOHECmgjWn","OF35NAPO","2a05:5f40::24",02-MAY-17,"egames"
"20160901030035912zqtkiFquSWqtjehzHKI","OB3NAPOL","2a05:5f40::20",02-MAY-17,"egames"
"20160901030035925pAWuoFCXVNBYKKwDmgu","OB3NAPOL","2a05:5f40::25",02-MAY-17,"egames"
"20160901030035928czNGfsUhHMiUCOdXNRZ","OB3NAPOL","2a05:5f40::24",02-MAY-17,"egames"
"20160901030042076cFknHlLlSLhvOvSmvgO","P004271","212.76.227.59",02-MAY-17,"protocol"
"20160902030034442zQgvEmccRqIKkbrdJjy","OF35NAPO","2a05:5f40::22",02-MAY-17,"egames"
"20160902030034484EwEttGVYhQtTNGHAZnM","OB3NAPOL","2a05:5f40::22",02-MAY-17,"egames"
"20161228030112364aSKbEjkWnvYwPhIiovB","OF23EURO","178.248.165.55",02-MAY-17,"egames"
"20170105030020062mJaEDvMDBQcJGfVcakp","LB003805","212.76.227.59",02-MAY-17,"epis"
"20170105030119366vccrFcpResoZCdrJgHB","P007610","91.183.235.110",28-APR-17,"protocol"
"20170106030026303ubQPIJNYZFrHAwlDuUj","LB004041","212.76.227.59",02-MAY-17,"epis"
"20170106030026523wWKABeXlvNjcUWiRdmM","LB018652","212.76.227.59",02-MAY-17,"epis"
"20170106030026891JycruBiirCilGBDzGRs","LB039692","212.76.227.59",02-MAY-17,"epis"
"20170111030030285sKtKTEurxvLjgrCCJOd","LB004916","212.76.227.59",02-MAY-17,"epis"
"20170114030134166WrzUEdqGROmpWsESMUG","P004916","212.76.227.59",02-MAY-17,"protocol"
"20161124030017116TBvnHevTuBhiMDrayCh","LB003983","81.246.52.218",02-MAY-17,"epis"
"20161124030017719tUZlBPoXpTvEggulcus","LB011605","81.246.52.218",02-MAY-17,"epis"
"20161130030101218OrvaQhXdubJzuHqmxuP","P004259","91.183.115.241",02-MAY-17,"protocol"
"20161021030111781aONwWRReRTeTZHtdzZs","P004041","212.76.227.59",02-MAY-17,"protocol"
"20161022030013339xBTFzkNbMYJWKsWBQwP","LB004030","217.136.182.9",02-MAY-17,"epis"
"20161027030129457cfaPtXHQWVOVFVmycqs","P118335","83.167.155.133",02-MAY-17,"protocol"
"20161027030129501WDHzisfclmigIxTXqeX","P039200","2a02:a018:49:5b00:9eb6:54ff:febb:ddb8",02-MAY-17,"protocol"
"20161027030129660HAjomIzeulVwQYzBwOU","P117999","83.167.155.133",02-MAY-17,"protocol"
"20161029030014393YaOBIkPDORIwYtfIlpT","LB003723","91.183.221.143",02-MAY-17,"epis"
"20161029030101568TOgmYknhGbEolFGZjrj","P004030","217.136.182.9",02-MAY-17,"protocol"
"20161030030110776NQuYTqFTAdCLpgmhcoW","P003723","91.183.221.143",02-MAY-17,"protocol"
"20161117030056348XLGTYwyraPclRkGsFpL","OF241TIP","91.221.10.63",02-MAY-17,"egames"
"20161222030126119pDqkGBGwKsIaQoYBuZV","P131700","91.183.3.240",02-MAY-17,"protocol"
"20161222030127041zRQwiwfEvegSkzLYtAE","P353689","212.166.57.180",02-MAY-17,"protocol"
"20161223030103451KXWIGyrowAPcgISAZZc","OA5POKER","77.87.177.117",02-MAY-17,"egames"
"20161125030104451sNWVIaVmcOdCsgXzzbB","P011605","81.246.52.219",02-MAY-17,"protocol"
"20161125030104698AAIGSKzCXlfzBtWeCvv","P003983","81.246.52.218",02-MAY-17,"protocol"
"20161215030112195LixABNNpNdEEvAHbJgl","P116777","194.78.149.34",02-MAY-17,"protocol"
"20161224030107834YMpDLcIWOsMSaMptmpT","OF502CAS","185.35.172.150",02-MAY-17,"egames"
"20170215030028029etdWBmJpXeVsJEdWoya","LB052536","10.2.3.47,217.136.240.92",02-MAY-17,"epis"
"20170216030107461UzPjgBmlxJrjEVlZgUD","P052536","10.2.3.10,217.136.240.92",02-MAY-17,"protocol"
"20170217030020113EGOKifnBIdgKXWncXyR","LB004048","194.78.184.20",02-MAY-17,"epis"
"20170218030019777tgPxVJNbtqXVdGFJCdI","LB050448","81.247.197.92",02-MAY-17,"epis"
"20170218030103775tBuIhISGDAMelJGFmSs","P004048","194.78.184.20",02-MAY-17,"protocol"
"20170219030105261yetzvOSGycdZXNUKEuS","-","139.162.116.133",29-APR-17,"egames"
"20170219030116376zJOIdpFwhoTZqJtKvkF","P050448","10.10.12.10,81.247.197.92",02-MAY-17,"protocol"
"20170226030124692thQyqZeaONRNqWFHqhM","P003970","10.15.6.10,109.88.185.78",02-MAY-17,"protocol"
"20170228030113490jjdRLBnfMkbqLKwGuSn","P268179","2a02:a018:40:ee00:5265:f3ff:fef1:b2b0",02-MAY-17,"protocol"
"20170312030128997jBiAFierUAPkvDNmoNG","P016382","10.11.8.10,91.183.235.195",02-MAY-17,"protocol"
"20170323030021788UgOeiQXxCzoeDraSttU","LA000001","198.50.158.163",02-MAY-17,"epis"
"20170323030103672dhAZEduZvCCZVLvXpaj","-","139.162.78.135",30-APR-17,"egames"
"20170323030103789QNOoGLrcGoAGTpWYQqg","OA29KSCC","198.50.158.163",02-MAY-17,"egames"
"20170323030113027xEZowxdEIbNwyZNiwSR","P000001","198.50.158.163",02-MAY-17,"protocol"
"20170328031553879DhxrwKsIYQthCTURbRZ","LB016956","10.21.1.15,2a02:a018:1c4:200:ba27:ebff:fe6d:1e0f",02-MAY-17,"epis"
"20170329030024468pOPPGiUVHmJMbCLVxYt","-","80.82.77.33",02-MAY-17,"epis"
"20170329030117381aKqkYWkiHQMcNXfAYLO","P016956","10.21.1.10,2a02:a018:1c4:200:ba27:ebff:fe6d:1e0f",02-MAY-17,"protocol"
"20170330031551228UtAxYdQZClwQQgzypku","-","139.162.78.135",01-MAY-17,"epis"
"20170405030127768HZhTfXWZvcojYcTWAkF","P004095","81.245.4.154",02-MAY-17,"protocol"
"20170120030032524ZbmaNklmPVZMmeFShen","LB004032","10.16.3.15,85.201.174.42",02-MAY-17,"epis"
"20170120030033014TMepsEtNareEKTknqXe","LB004041","81.246.28.188",02-MAY-17,"epis"
"20170121030055894tUlTtGhpEOeVJZqKQsi","P004032","10.16.3.10,85.201.174.42",02-MAY-17,"protocol"
"20170124030048487oocIFXtCzmwJTbTuhhh","OF241TIP","91.221.11.203",02-MAY-17,"egames"
"20170125030022866LSpnrrSuJNtqzPCvNUr","LB004586","10.10.10.15,81.247.176.47",02-MAY-17,"epis"
"20170125030105508YTTcpKeTmcxeptuBdmR","P004586","10.10.10.10,81.247.176.47",02-MAY-17,"protocol"
"20170126030017029zHYvLcnMsehuCREDmWY","-","139.162.113.204",29-APR-17,"epis"
"20170126030059733gEvoPCkplVHOWdPJDpK","P012862","2a02:a018:3:3300:9eb6:54ff:febb:c80c",02-MAY-17,"protocol"
"20170128030055261XRputOvBLwGsFrmCDtN","-","139.162.106.181",01-MAY-17,"egames"
"20170207030020456XRUxJrATASEGBNBrWsb","-","139.162.106.181",01-MAY-17,"epis"
"20170302030119459yDHprnJVaoJfgWsuIlM","P007406","84.195.127.174",02-MAY-17,"protocol"
"20170331031555775oHHMARgTdJgmSIwydTh","LB004248","91.180.233.180",02-MAY-17,"epis"
"20170401030026153LcVLjqhvyyACdzpJPVU","LB016382","10.11.8.15,91.183.235.195",02-MAY-17,"epis"
"20170401030130556hAbYMxZyonuzrhEKtOo","P004248","91.180.233.180",02-MAY-17,"protocol"
"20170404030028859yqnhFYOJGwJVLSvVFkd","LB004095","81.245.4.154",02-MAY-17,"epis"
"20170427132146202cUBQGXihIWvPpFVTBGx","-","193.63.58.83",29-APR-17,"epis"
"20170427132146253EurLUjmAyrkHVICOjWo","LB020233","109.133.127.231",28-APR-17,"epis"
"20170427132146394GSRbQgxzIPFXsKaEfEc","LB004097","10.13.2.20,109.132.220.253",02-MAY-17,"epis"
"20170427132201887SaIXeEoKXBchyTfpVBh","P004097","10.13.2.10,109.132.220.253",02-MAY-17,"protocol"
"20170427132202614tMGfjBcDuKClanyWZha","P337084","81.243.250.69",02-MAY-17,"protocol"
"20170427132202708ZgrfhgxYfbTVEuanGUa","P078435","81.243.249.111",02-MAY-17,"protocol"
"20170428030123741tAFAqtitNRuHqQJXqII","P007550","10.33.0.170,213.119.123.61",02-MAY-17,"protocol"
"20170428030123744wClRfgzQIVCoKZWVSVy","P007550","213.119.123.61",02-MAY-17,"protocol"
"20170428030124112jzOEEWGDyZhLYwyqybp","P020233","188.44.76.231",02-MAY-17,"protocol"
"20170429030025912AmMHUiUrvUboxDCBaNP","-","192.186.3.75",28-APR-17,"epis"
"20170429030025937ofwDpnoDIjYwXKIyDrE","-","106.185.38.44",28-APR-17,"epis"
"20170429030025947rYQCddFCpGJfTYYiHmW","-","106.45.8.67",28-APR-17,"epis"
"20170429030025953JMPHmtmwUoNIQNxpLiI","-","124.88.64.217",28-APR-17,"epis"
"20170429030025958ZTZVGZgfnfxRByheTQl","-","112.193.169.188",28-APR-17,"epis"
"20170429030025969UjEzvOWZXXNcmiEAtXC","-","94.177.226.137",01-MAY-17,"epis"
"20170429030025974VapHrIaddynWKIKEwFG","-","123.14.253.114",28-APR-17,"epis"
"20170429030025985MlrLfJAOhVcRhWInpVF","-","50.30.37.28",28-APR-17,"epis"
"20170429030025991RFierungbrDynijzwbw","-","106.187.54.88",28-APR-17,"epis"
"20170429030025996gkUnAHEFrEDfTGhMlVs","-","163.172.68.183",02-MAY-17,"epis"
"20170429030026555bGfaHRtdyRbVjxGJmxM","LB020233","188.44.76.231",02-MAY-17,"epis"
"20170429030115463hOTqyMcIJxMUXBIkVBp","-","113.225.210.47",28-APR-17,"egames"
"20170429030115467AYBXMgmdRTKqLOnOunq","-","94.177.226.137",01-MAY-17,"egames"
"20170429030115483dXDlGDxdzDfhexznfBR","-","163.172.68.183",02-MAY-17,"egames"
"20170429030125425WGwfyFAEPBysUWuJqLk","P007435","2a02:a018:104:e00:6c9c:ecb3:51a7:ccfc",28-APR-17,"protocol"
"20170430030120663IKPcQUVxbKNWqcRtCED","-","208.93.152.117",29-APR-17,"egames"
"20170430030120698EOsDRVWoZrWEGnZIRHT","-","110.8.84.197",29-APR-17,"egames"
"20170501030027980AsKjiqbyeUngJfAzBUh","-","103.3.249.138",02-MAY-17,"epis"
"20170501030028005mxXAlbOjRbYhjnbakJY","-","187.63.164.91",30-APR-17,"epis"
"20170501030028055pFqyUnHkXWehybsFGlp","-","187.63.162.201",30-APR-17,"epis"
"20170501030028066shoVOkKMMhdZdvuKqhS","-","187.63.161.231",30-APR-17,"epis"
"20170501030120346YkQKojpzrQwqxqGSlNq","-","103.3.249.138",02-MAY-17,"egames"
"20170501030120348gxtTAxaWNgHLGCHZuRj","-","186.67.136.154",30-APR-17,"egames"
"20170502030023868zfuEpvyFPGLiamHubOM","-","222.186.34.148",01-MAY-17,"epis"
"20170502030023914shFjucAfKaosAxObeEV","-","187.63.162.68",01-MAY-17,"epis"
"20170502030121731QovDEyAVGoNNhUVdFBS","P007435","2a02:a018:104:e00:7dae:2130:3662:7b2d",01-MAY-17,"protocol"
"20170503030025767vInPMGseOpgolPlOwAZ","-","91.183.99.181",02-MAY-17,"epis"
"20170503030025807BMLAtCiSwVuBulOvqFE","-","187.63.164.233",02-MAY-17,"epis"
"20170503030117606AASEAFlaBVcKxTrcBmo","-","208.93.152.147",02-MAY-17,"egames"
"20170503030128710OSOTxFptXGHqgAOqGSe","P007609","2a02:2788:866:180:d3c:6bfb:742d:8c07",02-MAY-17,"protocol"
